Nama CPU,CPU Mark
06/5f,"5,830"
AArch64,833
AArch64 rev 2 (aarch64),"2,411"
AArch64 rev 4 (aarch64),"1,813"
AC8257V/WAB,827
AC8259V/WAB,940
Allwinner A133,666
Allwinner A333,"1,289"
Allwinner A523,"1,904"
Allwinner A527,"2,187"
Allwinner A733,"3,109"
Allwinner H618,653
Allwinner h728,"1,953"
AMD 3015Ce,"2,099"
AMD 3015e,"2,621"
AMD 3020e,"2,406"
AMD 4700S,"17,649"
AMD A10 Micro 6700T APU,"1,426"
AMD A10 PRO 7350B APU,"1,862"
AMD A10 PRO 7800B APU,"3,311"
AMD A10 PRO 7850B APU,"3,441"
AMD A10 4600M APU,"1,945"
AMD A10 4655M APU,"1,654"
AMD A10 4657M APU,"1,759"
AMD A10 5700 APU,"2,747"
AMD A10 5745M APU,"1,767"
AMD A10 5750M APU,"2,042"
AMD A10 5757M APU,"1,997"
AMD A10 5800B APU,"3,027"
AMD A10 5800K APU,"2,968"
AMD A10 6700 APU,"3,108"
AMD A10 6700T APU,"2,299"
AMD A10 6790B APU,"1,416"
AMD A10 6790K APU,"3,112"
AMD A10 6800B APU,"3,155"
AMD A10 6800K APU,"3,196"
AMD A10 7300 APU,"1,736"
AMD A10 7400P,"2,134"
AMD A10 7700K APU,"3,195"
AMD A10 7800 APU,"3,212"
AMD A10 7850K APU,"3,394"
AMD A10 7860K,"3,268"
AMD A10 7870K,"3,503"
AMD A10 7890K,"3,535"
AMD A10 8700P,"2,265"
AMD A10 8750,"3,254"
AMD A10 8850,"3,438"
AMD A10 9600P,"2,332"
AMD A10 9620P,"2,504"
AMD A10 9630P,"3,041"
AMD A10 9700,"3,550"
AMD A10 9700E,"3,250"
AMD A12 9700P,"2,424"
AMD A12 9720P,"2,621"
AMD A12 9730P,"2,979"
AMD A12 9800,"3,695"
AMD A12 9800E,"3,416"
AMD A4 Micro 6400T APU,"1,082"
AMD A4 PRO 3340B,"1,709"
AMD A4 PRO 7300B APU,"1,458"
AMD A4 PRO 7350B,"1,544"
AMD A4 1200 APU,375
AMD A4 1250 APU,421
AMD A4 1350 APU,911
AMD A4 3300 APU,956
AMD A4 3300M APU,728
AMD A4 3305M APU,767
AMD A4 3310MX APU,800
AMD A4 3320M APU,668
AMD A4 3330MX APU,761
AMD A4 3400 APU,"1,066"
AMD A4 3420 APU,"1,067"
AMD A4 4000 APU,"1,149"
AMD A4 4020 APU,"1,269"
AMD A4 4300M APU,967
AMD A4 4355M APU,806
AMD A4 5000 APU,"1,283"
AMD A4 5050 APU,"1,328"
AMD A4 5100 APU,"1,301"
AMD A4 5150M APU,927
AMD A4 5300 APU,"1,367"
AMD A4 5300B APU,"1,246"
AMD A4 6210 APU,"1,499"
AMD A4 6250J APU,"1,619"
AMD A4 6300 APU,"1,435"
AMD A4 6300B APU,"1,328"
AMD A4 6320 APU,"1,532"
AMD A4 7210 APU,"1,670"
AMD A4 7300 APU,"1,536"
AMD A4 9120,"1,223"
AMD A4 9120C,885
AMD A4 9120e,843
AMD A4 9125,"1,205"
AMD A6 Micro 6500T APU,"1,146"
AMD A6 PRO 7050B APU,971
AMD A6 PRO 7400B,"1,640"
AMD A6 1450 APU,"1,062"
AMD A6 3400M APU,"1,223"
AMD A6 3410MX APU,"1,274"
AMD A6 3420M APU,"1,310"
AMD A6 3430MX APU,"1,389"
AMD A6 3500 APU,"1,439"
AMD A6 3600 APU,"1,718"
AMD A6 3620 APU,"1,869"
AMD A6 3650 APU,"2,098"
AMD A6 3670 APU,"2,216"
AMD A6 4400M APU,996
AMD A6 4455M APU,811
AMD A6 5200 APU,"1,671"
AMD A6 5345M APU,"1,122"
AMD A6 5350M APU,"1,199"
AMD A6 5357M APU,"1,219"
AMD A6 5400B APU,"1,465"
AMD A6 5400K APU,"1,279"
AMD A6 6310 APU,"1,679"
AMD A6 6400B APU,"1,573"
AMD A6 6400K APU,"1,514"
AMD A6 6420B APU,"1,550"
AMD A6 6420K APU,"1,571"
AMD A6 7000,"1,002"
AMD A6 7310 APU,"1,747"
AMD A6 7400K APU,"1,686"
AMD A6 7470K,"1,799"
AMD A6 7480,"1,814"
AMD A6 8500P,"1,445"
AMD A6 8550,"1,762"
AMD A6 9200,"1,143"
AMD A6 9210,"1,254"
AMD A6 9220,"1,305"
AMD A6 9220C,"1,053"
AMD A6 9220e,958
AMD A6 9225,"1,327"
AMD A6 9230,"1,303"
AMD A6 9400,"2,717"
AMD A6 9500,"1,876"
AMD A6 9500E,"1,725"
AMD A8 PRO 7150B APU,"1,541"
AMD A8 PRO 7600B APU,"3,010"
AMD A8 3500M APU,"1,391"
AMD A8 3510MX APU,"1,631"
AMD A8 3520M APU,"1,448"
AMD A8 3530MX APU,"1,608"
AMD A8 3550MX APU,"1,687"
AMD A8 3800 APU,"2,051"
AMD A8 3820 APU,"2,178"
AMD A8 3850 APU,"2,421"
AMD A8 3870K APU,"2,355"
AMD A8 4500M APU,"1,693"
AMD A8 4555M APU,"1,337"
AMD A8 5500 APU,"2,615"
AMD A8 5500B APU,"2,613"
AMD A8 5545M APU,"1,628"
AMD A8 5550M APU,"1,811"
AMD A8 5557M APU,"1,831"
AMD A8 5600K APU,"2,861"
AMD A8 6410 APU,"1,770"
AMD A8 6500 APU,"2,598"
AMD A8 6500B APU,"2,519"
AMD A8 6500T APU,"1,983"
AMD A8 6600K APU,"3,013"
AMD A8 7050,"1,068"
AMD A8 7100 APU,"1,647"
AMD A8 7200P,"2,158"
AMD A8 7410 APU,"1,808"
AMD A8 7500,"3,302"
AMD A8 7600 APU,"3,212"
AMD A8 7650K,"3,118"
AMD A8 7670K,"3,267"
AMD A8 7680,"3,520"
AMD A8 7690K,"2,157"
AMD A8 8600P,"2,464"
AMD A8 8650,"2,996"
AMD A8 9600,"3,293"
AMD A9 9400,"1,302"
AMD A9 9410,"1,550"
AMD A9 9420,"1,538"
AMD A9 9420e,"1,101"
AMD A9 9425,"1,517"
AMD A9 9430,"1,707"
AMD A9 9820,"3,958"
AMD Athlon 1500+,191
AMD Athlon 1640B,376
AMD Athlon 200GE,"4,101"
AMD Athlon 220GE,"4,435"
AMD Athlon 240GE,"4,561"
AMD Athlon 2650e,274
AMD Athlon 2800+,291
AMD Athlon 2850e,333
AMD Athlon 3000G,"4,445"
AMD Athlon 300GE,"4,283"
AMD Athlon 300U,"3,865"
AMD Athlon 320GE,"4,399"
AMD Athlon 5000 Dual Core,872
AMD Athlon 5150 APU,"1,415"
AMD Athlon 5200 Dual Core,869
AMD Athlon 5350 APU,"1,796"
AMD Athlon 5370 APU,"1,906"
AMD Athlon 64 2000+,154
AMD Athlon 64 2600+,243
AMD Athlon 64 2800+,295
AMD Athlon 64 3000+,342
AMD Athlon 64 3100+,484
AMD Athlon 64 3200+,305
AMD Athlon 64 3300+,375
AMD Athlon 64 3400+,317
AMD Athlon 64 3500+,377
AMD Athlon 64 3700+,394
AMD Athlon 64 3800+,332
AMD Athlon 64 4000+,340
AMD Athlon 64 FX 55,404
AMD Athlon 64 FX 57,517
AMD Athlon 64 FX 59,465
AMD Athlon 64 FX 60 Dual Core,709
AMD Athlon 64 FX 62 Dual Core,993
AMD Athlon 64 FX 74,972
AMD Athlon 64 X2 Dual Core 3400+,531
AMD Athlon 64 X2 Dual Core 3600+,618
AMD Athlon 64 X2 Dual Core 3800+,623
AMD Athlon 64 X2 Dual Core 4000+,698
AMD Athlon 64 X2 Dual Core 4200+,730
AMD Athlon 64 X2 Dual Core 4400+,675
AMD Athlon 64 X2 Dual Core 4600+,720
AMD Athlon 64 X2 Dual Core 4800+,719
AMD Athlon 64 X2 Dual Core 5000+,807
AMD Athlon 64 X2 Dual Core 5200+,858
AMD Athlon 64 X2 Dual Core 5400+,907
AMD Athlon 64 X2 Dual Core 5600+,912
AMD Athlon 64 X2 Dual Core 5800+,653
AMD Athlon 64 X2 Dual Core 6000+,942
AMD Athlon 64 X2 Dual Core 6400+,954
AMD Athlon 64 X2 Dual Core BE 2300,594
AMD Athlon 64 X2 Dual Core BE 2350,573
AMD Athlon 64 X2 Dual Core TK 42,577
AMD Athlon 64 X2 Dual Core TK 53,602
AMD Athlon 64 X2 Dual Core TK 55,518
AMD Athlon 64 X2 Dual Core TK 57,624
AMD Athlon 64 X2 QL 60,651
AMD Athlon 64 X2 QL 62,525
AMD Athlon 64 X2 QL 64,605
AMD Athlon 64 X2 QL 65,664
AMD Athlon 64 X2 QL 66,641
AMD Athlon 64 X2 QL 67,582
AMD Athlon 7450 Dual Core,789
AMD Athlon 7550 Dual Core,977
AMD Athlon 7750 Dual Core,"1,005"
AMD Athlon 7850 Dual Core,"1,058"
AMD Athlon Dual Core 4050e,674
AMD Athlon Dual Core 4450B,723
AMD Athlon Dual Core 4450e,710
AMD Athlon Dual Core 4850B,727
AMD Athlon Dual Core 4850e,799
AMD Athlon Dual Core 5000B,856
AMD Athlon Dual Core 5050e,846
AMD Athlon Dual Core 5200B,823
AMD Athlon Dual Core 5400B,914
AMD Athlon Dual Core 5600B,737
AMD Athlon Gold 3150C,"3,292"
AMD Athlon Gold 3150G,"6,922"
AMD Athlon Gold 3150U,"3,937"
AMD Athlon Gold 7220U,"4,904"
AMD Athlon Gold PRO 3150G,"7,468"
AMD Athlon Gold PRO 3150GE,"7,006"
AMD Athlon Gold PRO 4150GE,"8,259"
AMD Athlon II 160u,358
AMD Athlon II 170u,355
AMD Athlon II Dual Core M300,670
AMD Athlon II Dual Core M320,770
AMD Athlon II Dual Core M340,807
AMD Athlon II N330 Dual Core,665
AMD Athlon II N350 Dual Core,856
AMD Athlon II N370 Dual Core,899
AMD Athlon II Neo K125,315
AMD Athlon II Neo K145,298
AMD Athlon II Neo K325 Dual Core,439
AMD Athlon II Neo K345 Dual Core,527
AMD Athlon II Neo N36L Dual Core,487
AMD Athlon II P320 Dual Core,706
AMD Athlon II P340 Dual Core,722
AMD Athlon II P360 Dual Core,758
AMD Athlon II X2 210e,"1,089"
AMD Athlon II X2 215,"1,011"
AMD Athlon II X2 220,"1,046"
AMD Athlon II X2 235e,"1,079"
AMD Athlon II X2 240,"1,060"
AMD Athlon II X2 240e,"1,007"
AMD Athlon II X2 245,"1,128"
AMD Athlon II X2 245e,"1,141"
AMD Athlon II X2 250,"1,178"
AMD Athlon II X2 250e,"1,202"
AMD Athlon II X2 250u,615
AMD Athlon II X2 255,"1,207"
AMD Athlon II X2 260,"1,245"
AMD Athlon II X2 260u,713
AMD Athlon II X2 265,"1,324"
AMD Athlon II X2 270,"1,333"
AMD Athlon II X2 270u,675
AMD Athlon II X2 280,"1,355"
AMD Athlon II X2 4300e,990
AMD Athlon II X2 4400e,944
AMD Athlon II X2 4450e,587
AMD Athlon II X2 B22,"1,064"
AMD Athlon II X2 B24,"1,124"
AMD Athlon II X2 B26,"1,248"
AMD Athlon II X2 B28,"1,277"
AMD Athlon II X3 400e,"1,320"
AMD Athlon II X3 405e,"1,331"
AMD Athlon II X3 415e,"1,481"
AMD Athlon II X3 420e,"1,557"
AMD Athlon II X3 425,"1,595"
AMD Athlon II X3 435,"1,645"
AMD Athlon II X3 440,"1,734"
AMD Athlon II X3 445,"1,807"
AMD Athlon II X3 450,"1,865"
AMD Athlon II X3 455,"1,938"
AMD Athlon II X3 460,"1,965"
AMD Athlon II X4 553,"2,418"
AMD Athlon II X4 555,"2,526"
AMD Athlon II X4 557,"2,567"
AMD Athlon II X4 559,"2,652"
AMD Athlon II X4 600e,"1,795"
AMD Athlon II X4 605e,"1,964"
AMD Athlon II X4 610e,"1,959"
AMD Athlon II X4 615e,"2,000"
AMD Athlon II X4 620,"2,031"
AMD Athlon II X4 630,"2,175"
AMD Athlon II X4 631 Quad Core,"2,118"
AMD Athlon II X4 635,"2,248"
AMD Athlon II X4 638 Quad Core,"2,260"
AMD Athlon II X4 640,"2,265"
AMD Athlon II X4 641 Quad Core,"2,313"
AMD Athlon II X4 645,"2,370"
AMD Athlon II X4 650,"2,457"
AMD Athlon II X4 651 Quad Core,"2,433"
AMD Athlon II X4 655,"2,078"
AMD Athlon L110,211
AMD Athlon LE 1600,412
AMD Athlon LE 1620,421
AMD Athlon LE 1640,430
AMD Athlon LE 1660,416
AMD Athlon Neo MV 40,281
AMD Athlon Neo X2 Dual Core 6850e,456
AMD Athlon Neo X2 Dual Core L325,556
AMD Athlon Neo X2 Dual Core L335,529
AMD Athlon PRO 200GE,"3,816"
AMD Athlon PRO 300GE,"4,331"
AMD Athlon PRO 300U,"4,080"
AMD Athlon PRO 3045B,"2,770"
AMD Athlon Silver 3050C,"2,879"
AMD Athlon Silver 3050e,"2,901"
AMD Athlon Silver 3050GE,"4,545"
AMD Athlon Silver 3050U,"2,950"
AMD Athlon Silver 7120U,"3,001"
AMD Athlon Silver PRO 3125GE,"4,633"
AMD Athlon TF 20,265
AMD Athlon TF 36,338
AMD Athlon X2 215,996
AMD Athlon X2 240,921
AMD Athlon X2 240e,"1,015"
AMD Athlon X2 250,855
AMD Athlon X2 255,938
AMD Athlon X2 280,"1,327"
AMD Athlon X2 340 Dual Core,"1,333"
AMD Athlon X2 370K Dual Core,"1,643"
AMD Athlon X2 450,"1,295"
AMD Athlon X2 Dual Core 3250e,348
AMD Athlon X2 Dual Core 6850e,564
AMD Athlon X2 Dual Core BE 2300,570
AMD Athlon X2 Dual Core BE 2350,591
AMD Athlon X2 Dual Core BE 2400,674
AMD Athlon X2 Dual Core L310,343
AMD Athlon X3 425,"1,516"
AMD Athlon X3 435,"1,781"
AMD Athlon X3 440,"1,438"
AMD Athlon X3 445,"1,626"
AMD Athlon X3 455,"1,783"
AMD Athlon X4 530,"1,786"
AMD Athlon X4 620,"1,810"
AMD Athlon X4 640,"2,115"
AMD Athlon X4 730,"2,278"
AMD Athlon X4 740 Quad Core,"2,646"
AMD Athlon X4 750 Quad Core,"2,751"
AMD Athlon X4 750K Quad Core,"2,879"
AMD Athlon X4 760K Quad Core,"2,978"
AMD Athlon X4 830,"3,018"
AMD Athlon X4 840,"3,331"
AMD Athlon X4 845,"3,767"
AMD Athlon X4 850,"2,756"
AMD Athlon X4 860K,"3,427"
AMD Athlon X4 870K,"3,443"
AMD Athlon X4 880K,"3,649"
AMD Athlon X4 950,"3,576"
AMD Athlon X4 970,"3,701"
AMD Athlon XP 1500+,167
AMD Athlon XP 1600+,174
AMD Athlon XP 1700+,176
AMD Athlon XP 1800+,195
AMD Athlon XP 1900+,203
AMD Athlon XP 2000+,195
AMD Athlon XP 2100+,210
AMD Athlon XP 2200+,214
AMD Athlon XP 2400+,234
AMD Athlon XP 2500+,231
AMD Athlon XP 2600+,242
AMD Athlon XP 2700+,256
AMD Athlon XP 2800+,260
AMD Athlon XP 2900+,276
AMD Athlon XP 3000+,262
AMD Athlon XP 3100+,282
AMD Athlon XP 3200+,281
AMD Athlon XP1600+,183
AMD Athlon XP2400+,243
AMD Athlon64 X2 Dual Core 4600+,803
AMD BC 250,"13,548"
AMD C 30,178
AMD C 50,262
AMD C 60,290
AMD C 60 APU,316
AMD C 70 APU,315
AMD Custom APU 0932,"9,394"
AMD E 240,195
AMD E 300 APU,336
AMD E 350,430
AMD E 350 APU,423
AMD E 350D APU,486
AMD E 450 APU,438
AMD E1 Micro 6200T APU,600
AMD E1 1200 APU,380
AMD E1 1500 APU,385
AMD E1 2100 APU,408
AMD E1 2200 APU,474
AMD E1 2500 APU,593
AMD E1 6010 APU,545
AMD E1 6015 APU,584
AMD E1 6050J APU,"1,385"
AMD E1 7010 APU,613
AMD E2 1800 APU,451
AMD E2 2000 APU,496
AMD E2 3000 APU,743
AMD E2 3000M APU,668
AMD E2 3200 APU,986
AMD E2 3800 APU,"1,138"
AMD E2 6110 APU,"1,229"
AMD E2 7015,611
AMD E2 7015 APU,653
AMD E2 7110 APU,"1,508"
AMD E2 9000,956
AMD E2 9000e,885
AMD E2 9010,"1,073"
AMD E2 9030,983
AMD Embedded G Series GX 215JJ Radeon R2E,"1,094"
AMD Embedded G Series GX 224IJ Radeon R4E,"1,271"
AMD Embedded G Series GX 420GI Radeon R7E,"1,602"
AMD Embedded R Series RX 216GD,"1,628"
AMD Embedded R Series RX 418GD Radeon R6,"3,426"
AMD Embedded R Series RX 421BD,"3,302"
AMD Embedded R Series RX 421ND,"3,024"
AMD EPYC 3101 4 Core,"6,050"
AMD EPYC 3151,"8,306"
AMD EPYC 3201,"8,672"
AMD EPYC 3251,"13,681"
AMD EPYC 3451,"19,532"
AMD EPYC 4124P,"18,139"
AMD EPYC 4244P,"27,164"
AMD EPYC 4245P,"31,316"
AMD EPYC 4344P,"33,771"
AMD EPYC 4345P,"28,522"
AMD EPYC 4364P,"34,215"
AMD EPYC 4464P,"47,185"
AMD EPYC 4465P,"50,253"
AMD EPYC 4484PX,"50,547"
AMD EPYC 4545P,"55,020"
AMD EPYC 4564P,"64,398"
AMD EPYC 4565P,"64,068"
AMD EPYC 4584PX,"60,169"
AMD EPYC 4585PX,"70,518"
AMD EPYC 7203P,"22,017"
AMD EPYC 7232P,"17,712"
AMD EPYC 7251,"14,935"
AMD EPYC 7252,"19,411"
AMD EPYC 7261,"11,149"
AMD EPYC 7262,"20,779"
AMD EPYC 7272,"25,161"
AMD EPYC 7281,"21,621"
AMD EPYC 7282,"30,106"
AMD EPYC 72F3,"27,252"
AMD EPYC 7301,"14,991"
AMD EPYC 7302,"33,499"
AMD EPYC 7302P,"32,690"
AMD EPYC 7303,"28,572"
AMD EPYC 7303P,"36,487"
AMD EPYC 7313,"38,938"
AMD EPYC 7313P,"41,017"
AMD EPYC 7343,"43,644"
AMD EPYC 7351,"23,226"
AMD EPYC 7351P,"24,871"
AMD EPYC 7352,"40,370"
AMD EPYC 7371,"28,780"
AMD EPYC 73F3,"46,103"
AMD EPYC 7401P,"27,836"
AMD EPYC 7402,"46,012"
AMD EPYC 7402P,"43,759"
AMD EPYC 7413,"50,641"
AMD EPYC 7443,"56,743"
AMD EPYC 7443P,"56,798"
AMD EPYC 7451,"26,639"
AMD EPYC 7452,"45,764"
AMD EPYC 7453,"48,453"
AMD EPYC 7473X,"59,280"
AMD EPYC 74F3,"60,666"
AMD EPYC 7501,"24,925"
AMD EPYC 7502,"52,107"
AMD EPYC 7502P,"51,206"
AMD EPYC 7513,"59,331"
AMD EPYC 7532,"50,726"
AMD EPYC 7542,"45,359"
AMD EPYC 7543,"62,952"
AMD EPYC 7543P,"66,590"
AMD EPYC 7551,"25,844"
AMD EPYC 7551P,"38,236"
AMD EPYC 7552,"57,414"
AMD EPYC 7571,"28,574"
AMD EPYC 7573X,"69,432"
AMD EPYC 75F3,"64,505"
AMD EPYC 7601,"35,059"
AMD EPYC 7642,"58,795"
AMD EPYC 7643,"76,050"
AMD EPYC 7643P,"77,307"
AMD EPYC 7662,"72,298"
AMD EPYC 7663,"82,120"
AMD EPYC 7702,"69,060"
AMD EPYC 7702P,"63,342"
AMD EPYC 7713,"83,018"
AMD EPYC 7713P,"81,582"
AMD EPYC 7742,"69,477"
AMD EPYC 7763,"84,675"
AMD EPYC 7773X,"91,340"
AMD EPYC 7B12,"66,044"
AMD EPYC 7B13,"78,064"
AMD EPYC 7C13,"76,363"
AMD EPYC 7D12,"42,285"
AMD EPYC 7F32,"23,253"
AMD EPYC 7F52,"41,322"
AMD EPYC 7F72,"52,840"
AMD EPYC 7H12,"69,633"
AMD EPYC 7J13,"84,786"
AMD EPYC 7K23,"81,183"
AMD EPYC 7K62,"59,533"
AMD EPYC 7R12,"48,934"
AMD EPYC 7R13,"79,046"
AMD EPYC 7R32,"63,969"
AMD EPYC 7R43,"83,535"
AMD EPYC 7T83,"81,757"
AMD EPYC 7V12,"70,622"
AMD EPYC 7V13,"81,764"
AMD EPYC 8024P,"20,455"
AMD EPYC 8124P,"36,061"
AMD EPYC 8224P,"45,421"
AMD EPYC 8324P,"57,127"
AMD EPYC 8324PN 32 Core,"8,375"
AMD EPYC 8434P,"66,490"
AMD EPYC 8534P,"71,900"
AMD EPYC 9015,"28,190"
AMD EPYC 9115,"48,233"
AMD EPYC 9124,"43,697"
AMD EPYC 9135,"57,808"
AMD EPYC 9174F,"54,869"
AMD EPYC 9175F,"65,894"
AMD EPYC 9184X,"47,665"
AMD EPYC 9224,"48,573"
AMD EPYC 9254,"64,344"
AMD EPYC 9255,"75,809"
AMD EPYC 9274F,"73,982"
AMD EPYC 9275F,"84,620"
AMD EPYC 9334,"65,568"
AMD EPYC 9354,"73,892"
AMD EPYC 9354P,"74,832"
AMD EPYC 9355P,"97,249"
AMD EPYC 9374F,"82,009"
AMD EPYC 9375F,"95,768"
AMD EPYC 9384X,"72,121"
AMD EPYC 9454,"87,961"
AMD EPYC 9454P,"94,678"
AMD EPYC 9455P,"116,822"
AMD EPYC 9474F,"102,255"
AMD EPYC 9475F,"122,476"
AMD EPYC 9534,"89,077"
AMD EPYC 9554,"103,755"
AMD EPYC 9554P,"104,920"
AMD EPYC 9555P,"135,441"
AMD EPYC 9565,"135,221"
AMD EPYC 9575F,"146,989"
AMD EPYC 9634,"107,944"
AMD EPYC 9654,"119,246"
AMD EPYC 9654P,"116,324"
AMD EPYC 9655,"156,110"
AMD EPYC 9655P,"160,490"
AMD EPYC 9684X,"122,017"
AMD EPYC 9734,"102,286"
AMD EPYC 9745,"130,698"
AMD EPYC 9754,"98,450"
AMD EPYC 9755,"166,328"
AMD EPYC 9845,"152,985"
AMD EPYC 9965,"160,778"
AMD EPYC 9B14,"126,257"
AMD EPYC 9B45,"158,790"
AMD EPYC 9D25 126 Core,"114,275"
AMD EPYC 9J14,"124,637"
AMD EPYC 9R14,"116,475"
AMD EPYC 9R45,"6,922"
AMD EPYC 9V74,"117,606"
AMD EPYC Embedded 7292P,"30,542"
AMD EPYC Embedded 8224P,"48,869"
AMD EPYC Embedded 9755,"164,010"
AMD FirePro A320 APU,"2,153"
AMD FX 4100 Quad Core,"2,630"
AMD FX 4130 Quad Core,"2,723"
AMD FX 4150 Quad Core,"3,327"
AMD FX 4170 Quad Core,"3,058"
AMD FX 4200 Quad Core,"3,119"
AMD FX 4300 Quad Core,"2,992"
AMD FX 4320,"3,150"
AMD FX 4330,"3,146"
AMD FX 4350 Quad Core,"3,184"
AMD FX 6100 Six Core,"3,698"
AMD FX 6120 Six Core,"3,853"
AMD FX 6130 Six Core,"4,353"
AMD FX 6200 Six Core,"4,114"
AMD FX 6300 Six Core,"4,224"
AMD FX 6330 Six Core,"4,433"
AMD FX 6350 Six Core,"4,638"
AMD FX 670K Quad Core,"2,980"
AMD FX 7500 APU,"1,925"
AMD FX 7600P,"2,557"
AMD FX 7600P APU,"2,856"
AMD FX 770K Quad Core,"3,172"
AMD FX 8100 Eight Core,"4,095"
AMD FX 8120 Eight Core,"4,631"
AMD FX 8140 Eight Core,"4,860"
AMD FX 8150 Eight Core,"5,318"
AMD FX 8300 Eight Core,"5,332"
AMD FX 8310 Eight Core,"5,050"
AMD FX 8320 Eight Core,"5,469"
AMD FX 8320E Eight Core,"5,121"
AMD FX 8350 Eight Core,"6,092"
AMD FX 8370 Eight Core,"6,180"
AMD FX 8370E Eight Core,"5,317"
AMD FX 870K Quad Core,"3,227"
AMD FX 8800P,"2,833"
AMD FX 9370 Eight Core,"6,375"
AMD FX 9590 Eight Core,"6,830"
AMD FX 9800P,"2,460"
AMD FX 9830P,"3,298"
AMD FX B4150 Quad Core,"3,369"
AMD G T40E,289
AMD G T40N,299
AMD G T40R,120
AMD G T44R,116
AMD G T48E,421
AMD G T52R,177
AMD G T56E,442
AMD G T56N,484
AMD Geode NX 2400+,400
AMD GX 210JA SOC,248
AMD GX 212JC SOC,645
AMD GX 217GA SOC,794
AMD GX 218GL SOC,754
AMD GX 222GC SOC,"1,044"
AMD GX 412HC,"1,095"
AMD GX 412TC SOC,650
AMD GX 415GA SOC,"1,405"
AMD GX 416RA SOC,"1,604"
AMD GX 420CA SOC,"1,785"
AMD GX 420MC SOC,"1,796"
AMD GX 424CC SOC,"1,819"
AMD Opteron 1212,593
AMD Opteron 1212 HE,771
AMD Opteron 1214,763
AMD Opteron 1214 HE,806
AMD Opteron 1216,781
AMD Opteron 1216 HE,727
AMD Opteron 1218,910
AMD Opteron 1218 HE,979
AMD Opteron 1220,"1,036"
AMD Opteron 1222,"1,089"
AMD Opteron 1352,"1,547"
AMD Opteron 1354,"1,635"
AMD Opteron 1356,"1,703"
AMD Opteron 1381,"1,797"
AMD Opteron 1385,"2,089"
AMD Opteron 1389,"2,079"
AMD Opteron 144,316
AMD Opteron 146,346
AMD Opteron 148,392
AMD Opteron 150,393
AMD Opteron 152,428
AMD Opteron 154,457
AMD Opteron 165,531
AMD Opteron 170,648
AMD Opteron 175,682
AMD Opteron 180,746
AMD Opteron 185,695
AMD Opteron 2218,"1,036"
AMD Opteron 2220,"1,106"
AMD Opteron 2220 SE,909
AMD Opteron 2222,"1,198"
AMD Opteron 2354,"1,509"
AMD Opteron 2356,"1,829"
AMD Opteron 2373 EE,"1,744"
AMD Opteron 2378,"1,864"
AMD Opteron 2384,"2,074"
AMD Opteron 2393 SE,"1,317"
AMD Opteron 2419 EE,"1,902"
AMD Opteron 2427,"1,995"
AMD Opteron 2431,"2,894"
AMD Opteron 2435,"3,061"
AMD Opteron 254,451
AMD Opteron 270,736
AMD Opteron 275,839
AMD Opteron 280,765
AMD Opteron 285,956
AMD Opteron 290,952
AMD Opteron 3250 HE,"2,061"
AMD Opteron 3260 HE,"2,283"
AMD Opteron 3280,"3,783"
AMD Opteron 3320 EE,"1,918"
AMD Opteron 3350 HE,"2,699"
AMD Opteron 3365,"4,125"
AMD Opteron 3380,"4,358"
AMD Opteron 4130,"2,342"
AMD Opteron 4162 EE,"2,058"
AMD Opteron 4170 HE,"2,382"
AMD Opteron 4174 HE,"2,986"
AMD Opteron 4184,"2,872"
AMD Opteron 4226,"3,400"
AMD Opteron 4274 HE,"5,776"
AMD Opteron 4280,"4,504"
AMD Opteron 4284,"4,665"
AMD Opteron 4332 HE,"3,911"
AMD Opteron 4334,"3,949"
AMD Opteron 4365 EE,"3,582"
AMD Opteron 4376 HE,"4,318"
AMD Opteron 4386,"3,273"
AMD Opteron 6128,"2,826"
AMD Opteron 6128 HE,"2,932"
AMD Opteron 6136,"3,381"
AMD Opteron 6164 HE,"3,478"
AMD Opteron 6172,"2,615"
AMD Opteron 6174,"3,697"
AMD Opteron 6176 SE,"3,564"
AMD Opteron 6212,"3,973"
AMD Opteron 6220,"4,753"
AMD Opteron 6234,"4,072"
AMD Opteron 6238,"5,625"
AMD Opteron 6272,"5,240"
AMD Opteron 6274,"5,643"
AMD Opteron 6276,"6,348"
AMD Opteron 6281,"7,279"
AMD Opteron 6282 SE,"6,385"
AMD Opteron 6287 SE,"6,925"
AMD Opteron 6328,"5,306"
AMD Opteron 6344,"6,069"
AMD Opteron 6348,"7,850"
AMD Opteron 6366 HE,"5,613"
AMD Opteron 6376,"5,572"
AMD Opteron 6378,"5,889"
AMD Opteron 6380,"6,687"
AMD Opteron 6386 SE,"8,291"
AMD Opteron 8439 SE,"2,479"
AMD Opteron X2170 APU,"1,911"
AMD Opteron X3216 APU,"1,498"
AMD Opteron X3418 APU,"3,043"
AMD Opteron X3421 APU,"3,306"
AMD Phenom 8250 Triple Core,"1,114"
AMD Phenom 8250e Triple Core,"1,084"
AMD Phenom 8400 Triple Core,"1,164"
AMD Phenom 8450 Triple Core,"1,221"
AMD Phenom 8450e Triple Core,"1,206"
AMD Phenom 8600 Triple Core,"1,267"
AMD Phenom 8600B Triple Core,"1,464"
AMD Phenom 8650 Triple Core,"1,218"
AMD Phenom 8750 Triple Core,"1,445"
AMD Phenom 8750B Triple Core,"1,188"
AMD Phenom 8850 Triple Core,"1,142"
AMD Phenom 8850B Triple Core,"1,281"
AMD Phenom 9100e Quad Core,"1,353"
AMD Phenom 9150e Quad Core,"1,427"
AMD Phenom 9350e Quad Core,"1,659"
AMD Phenom 9450e Quad Core,"1,455"
AMD Phenom 9500 Quad Core,"1,564"
AMD Phenom 9550 Quad Core,"1,667"
AMD Phenom 9600 Quad Core,"1,607"
AMD Phenom 9600B Quad Core,"1,842"
AMD Phenom 9650 Quad Core,"1,777"
AMD Phenom 9750 Quad Core,"1,846"
AMD Phenom 9750B Quad Core,"1,520"
AMD Phenom 9850 Quad Core,"1,712"
AMD Phenom 9850B Quad Core,"1,946"
AMD Phenom 9950 Quad Core,"1,884"
AMD Phenom FX 5000 Quad Core,"1,599"
AMD Phenom FX 5200 Quad Core,"1,699"
AMD Phenom II N620 Dual Core,992
AMD Phenom II N640 Dual Core,"1,135"
AMD Phenom II N660 Dual Core,"1,083"
AMD Phenom II N830 3+1,"1,768"
AMD Phenom II N830 Triple Core,"1,249"
AMD Phenom II N850 Triple Core,"1,318"
AMD Phenom II N870 Triple Core,"1,324"
AMD Phenom II N930 Quad Core,"1,584"
AMD Phenom II N950 Quad Core,"1,616"
AMD Phenom II N970 Quad Core,"1,728"
AMD Phenom II P650 Dual Core,"1,018"
AMD Phenom II P820 Triple Core,"1,068"
AMD Phenom II P840 Triple Core,"1,079"
AMD Phenom II P860 Triple Core,"1,250"
AMD Phenom II P920 Quad Core,"1,006"
AMD Phenom II P940 Quad Core,"1,319"
AMD Phenom II P960 Quad Core,"1,431"
AMD Phenom II X2 511,"1,265"
AMD Phenom II X2 521,"1,349"
AMD Phenom II X2 545,"1,233"
AMD Phenom II X2 550,"1,154"
AMD Phenom II X2 555,"1,312"
AMD Phenom II X2 560,"1,381"
AMD Phenom II X2 565,"1,453"
AMD Phenom II X2 570,"1,437"
AMD Phenom II X2 B53,"1,137"
AMD Phenom II X2 B55,"1,222"
AMD Phenom II X2 B57,"1,260"
AMD Phenom II X2 B59,"1,407"
AMD Phenom II X3 700e,"1,451"
AMD Phenom II X3 705e,"1,519"
AMD Phenom II X3 710,"1,597"
AMD Phenom II X3 720,"1,600"
AMD Phenom II X3 740,"1,424"
AMD Phenom II X3 B73,"1,671"
AMD Phenom II X3 B75,"1,783"
AMD Phenom II X3 B77,"1,844"
AMD Phenom II X4 805,"2,001"
AMD Phenom II X4 810,"2,036"
AMD Phenom II X4 820,"2,114"
AMD Phenom II X4 830,"2,072"
AMD Phenom II X4 840,"2,449"
AMD Phenom II X4 840T,"2,367"
AMD Phenom II X4 850,"2,441"
AMD Phenom II X4 900e,"1,727"
AMD Phenom II X4 905e,"2,014"
AMD Phenom II X4 910,"1,776"
AMD Phenom II X4 910e,"2,148"
AMD Phenom II X4 920,"2,202"
AMD Phenom II X4 925,"2,259"
AMD Phenom II X4 940,"2,363"
AMD Phenom II X4 945,"2,421"
AMD Phenom II X4 955,"2,544"
AMD Phenom II X4 960T,"2,353"
AMD Phenom II X4 965,"2,657"
AMD Phenom II X4 970,"2,768"
AMD Phenom II X4 973,"2,204"
AMD Phenom II X4 975,"2,610"
AMD Phenom II X4 977,"2,377"
AMD Phenom II X4 980,"2,839"
AMD Phenom II X4 B05e,"1,906"
AMD Phenom II X4 B15e,"1,825"
AMD Phenom II X4 B25,"2,108"
AMD Phenom II X4 B35,"2,417"
AMD Phenom II X4 B40,"2,238"
AMD Phenom II X4 B45,"2,327"
AMD Phenom II X4 B50,"2,457"
AMD Phenom II X4 B55,"2,594"
AMD Phenom II X4 B60,"2,627"
AMD Phenom II X4 B65,"2,690"
AMD Phenom II X4 B70,"2,303"
AMD Phenom II X4 B93,"2,159"
AMD Phenom II X4 B95,"2,427"
AMD Phenom II X4 B97,"2,540"
AMD Phenom II X4 B99,"2,536"
AMD Phenom II X6 1035T,"3,014"
AMD Phenom II X6 1045T,"3,237"
AMD Phenom II X6 1055T,"3,367"
AMD Phenom II X6 1065T,"3,412"
AMD Phenom II X6 1075T,"3,500"
AMD Phenom II X6 1090T,"3,812"
AMD Phenom II X6 1100T,"3,927"
AMD Phenom II X6 1405T,"3,371"
AMD Phenom II X620 Dual Core,"1,262"
AMD Phenom II X640 Dual Core,"1,165"
AMD Phenom II X920 Quad Core,"1,669"
AMD Phenom II X940 Quad Core,"1,797"
AMD Phenom X2 Dual Core GE 5060,"1,566"
AMD Phenom X2 Dual Core GE 6060,"1,722"
AMD Phenom X2 Dual Core GE 7060,"1,010"
AMD Phenom X2 Dual Core GP 7730,884
AMD Phenom X3 8550,"1,151"
AMD Phenom X4 Quad Core GP 9500,"1,297"
AMD Phenom X4 Quad Core GP 9530,"1,228"
AMD Phenom X4 Quad Core GP 9600,"1,649"
AMD Phenom X4 Quad Core GP 9730,"1,784"
AMD Phenom X4 Quad Core GS 6560,"1,063"
AMD PRO A10 8700B,"2,172"
AMD PRO A10 8730B,"2,306"
AMD PRO A10 8750B,"3,020"
AMD PRO A10 8770,"3,547"
AMD PRO A10 8770E,"3,001"
AMD PRO A10 8850B,"3,752"
AMD PRO A10 9700,"3,600"
AMD PRO A10 9700B,"2,530"
AMD PRO A10 9700E,"3,044"
AMD PRO A12 8800B,"2,667"
AMD PRO A12 8830B,"2,634"
AMD PRO A12 8870,"3,793"
AMD PRO A12 8870E,"3,010"
AMD PRO A12 9800,"3,751"
AMD PRO A12 9800B,"2,718"
AMD PRO A12 9800E,"3,120"
AMD PRO A4 3350B APU,"1,787"
AMD PRO A4 4350B,"1,056"
AMD PRO A4 8350B,"1,690"
AMD PRO A6 7350B,"1,299"
AMD PRO A6 8500B,"1,592"
AMD PRO A6 8530B,"1,158"
AMD PRO A6 8550B,"1,882"
AMD PRO A6 8570,"1,919"
AMD PRO A6 8570E,"1,606"
AMD PRO A6 9500,"1,873"
AMD PRO A6 9500B,"1,357"
AMD PRO A6 9500E,"1,689"
AMD PRO A8 8600B,"2,203"
AMD PRO A8 8650B,"3,227"
AMD PRO A8 8670E,"3,258"
AMD PRO A8 9600,"3,318"
AMD PRO A8 9600B,"2,195"
AMD QC 4000,"1,155"
AMD R 260H APU,954
AMD R 272F APU,"1,215"
AMD R 460L APU,"1,538"
AMD R 464L APU,"1,773"
AMD RX 225FB,892
AMD RX 425BB,"2,637"
AMD RX 427BB,"2,658"
AMD Ryzen 3 1200,"6,260"
AMD Ryzen 3 1300X,"6,923"
AMD Ryzen 3 210,"13,199"
AMD Ryzen 3 2200G,"6,737"
AMD Ryzen 3 2200GE,"5,933"
AMD Ryzen 3 2200U,"3,648"
AMD Ryzen 3 2300U,"5,484"
AMD Ryzen 3 2300X,"7,566"
AMD Ryzen 3 3100,"11,539"
AMD Ryzen 3 3200G,"7,001"
AMD Ryzen 3 3200GE,"7,219"
AMD Ryzen 3 3200U,"3,733"
AMD Ryzen 3 3250C,"3,153"
AMD Ryzen 3 3250U,"3,728"
AMD Ryzen 3 3300U,"5,682"
AMD Ryzen 3 3300X,"12,602"
AMD Ryzen 3 3350U,"5,732"
AMD Ryzen 3 4100,"11,055"
AMD Ryzen 3 4300G,"9,945"
AMD Ryzen 3 4300GE,"11,238"
AMD Ryzen 3 4300U,"7,354"
AMD Ryzen 3 5300G,"13,063"
AMD Ryzen 3 5300GE,"12,856"
AMD Ryzen 3 5300U,"9,464"
AMD Ryzen 3 5400U,"11,002"
AMD Ryzen 3 5425U,"11,261"
AMD Ryzen 3 7320C,"8,193"
AMD Ryzen 3 7320U,"8,633"
AMD Ryzen 3 7330U,"10,676"
AMD Ryzen 3 7335U,"12,568"
AMD Ryzen 3 7440U,"13,100"
AMD Ryzen 3 8300G,"14,110"
AMD Ryzen 3 8300GE,"13,568"
AMD Ryzen 3 8440U,"11,957"
AMD Ryzen 3 PRO 1200,"5,609"
AMD Ryzen 3 PRO 1300,"7,187"
AMD Ryzen 3 PRO 210,"12,155"
AMD Ryzen 3 PRO 2100GE,"4,065"
AMD Ryzen 3 PRO 2200G,"6,668"
AMD Ryzen 3 PRO 2200GE,"5,951"
AMD Ryzen 3 PRO 2300U,"5,640"
AMD Ryzen 3 PRO 3200G,"6,492"
AMD Ryzen 3 PRO 3200GE,"6,807"
AMD Ryzen 3 PRO 3300U,"5,828"
AMD Ryzen 3 PRO 4200G,"10,831"
AMD Ryzen 3 PRO 4200GE,"10,930"
AMD Ryzen 3 PRO 4350G,"10,941"
AMD Ryzen 3 PRO 4350GE,"10,924"
AMD Ryzen 3 PRO 4355GE,"10,559"
AMD Ryzen 3 PRO 4450U,"9,561"
AMD Ryzen 3 PRO 5350G,"13,787"
AMD Ryzen 3 PRO 5350GE,"12,626"
AMD Ryzen 3 PRO 5355G with Radeon Graphics,"14,033"
AMD Ryzen 3 PRO 5355GE,"12,761"
AMD Ryzen 3 PRO 5450U,"10,867"
AMD Ryzen 3 PRO 5475U,"11,059"
AMD Ryzen 3 PRO 7330U,"12,477"
AMD Ryzen 3 PRO 7335U,"12,267"
AMD Ryzen 3 PRO 8300G,"14,540"
AMD Ryzen 3 PRO 8300GE,"14,491"
AMD Ryzen 5 1400,"7,731"
AMD Ryzen 5 1500X,"9,072"
AMD Ryzen 5 1600,"12,262"
AMD Ryzen 5 1600X,"13,013"
AMD Ryzen 5 220,"18,661"
AMD Ryzen 5 230,"20,125"
AMD Ryzen 5 240,"22,656"
AMD Ryzen 5 2400G,"8,730"
AMD Ryzen 5 2400GE,"7,205"
AMD Ryzen 5 2500U,"6,496"
AMD Ryzen 5 2500X,"9,388"
AMD Ryzen 5 2600,"13,148"
AMD Ryzen 5 2600E,"12,346"
AMD Ryzen 5 2600H,"8,002"
AMD Ryzen 5 2600X,"13,880"
AMD Ryzen 5 3350G,"8,924"
AMD Ryzen 5 3350GE,"9,049"
AMD Ryzen 5 3400G,"9,202"
AMD Ryzen 5 3400GE,"8,825"
AMD Ryzen 5 3450U,"6,574"
AMD Ryzen 5 3500,"12,777"
AMD Ryzen 5 3500C,"5,585"
AMD Ryzen 5 3500U,"6,843"
AMD Ryzen 5 3500X,"13,161"
AMD Ryzen 5 3550H,"7,703"
AMD Ryzen 5 3550U,"7,681"
AMD Ryzen 5 3580U,"7,107"
AMD Ryzen 5 3580U with Radeon Vega Mobile Gfx,"8,491"
AMD Ryzen 5 3600,"17,687"
AMD Ryzen 5 3600X,"18,136"
AMD Ryzen 5 3600XT,"18,554"
AMD Ryzen 5 4400G,"17,160"
AMD Ryzen 5 4500,"16,073"
AMD Ryzen 5 4500U,"10,706"
AMD Ryzen 5 4600G,"15,997"
AMD Ryzen 5 4600GE,"15,889"
AMD Ryzen 5 4600H,"14,192"
AMD Ryzen 5 4600HS,"14,325"
AMD Ryzen 5 4600U,"13,047"
AMD Ryzen 5 5500,"19,315"
AMD Ryzen 5 5500GT,"18,819"
AMD Ryzen 5 5500H,"11,445"
AMD Ryzen 5 5500U,"12,756"
AMD Ryzen 5 5500X3D,"20,135"
AMD Ryzen 5 5560U,"15,201"
AMD Ryzen 5 5600,"21,548"
AMD Ryzen 5 5600F,"19,833"
AMD Ryzen 5 5600G,"19,698"
AMD Ryzen 5 5600GE,"18,023"
AMD Ryzen 5 5600GT,"20,317"
AMD Ryzen 5 5600H,"16,560"
AMD Ryzen 5 5600T,"21,990"
AMD Ryzen 5 5600U,"15,125"
AMD Ryzen 5 5600X,"21,848"
AMD Ryzen 5 5600X3D,"21,928"
AMD Ryzen 5 5600XT,"22,309"
AMD Ryzen 5 5625U,"14,718"
AMD Ryzen 5 6600H,"18,597"
AMD Ryzen 5 6600HS Creator Edition,"17,605"
AMD Ryzen 5 6600U,"17,014"
AMD Ryzen 5 7235HS,"12,375"
AMD Ryzen 5 7400,"22,010"
AMD Ryzen 5 7400F,"25,509"
AMD Ryzen 5 7430U,"16,171"
AMD Ryzen 5 7500F,"26,739"
AMD Ryzen 5 7520C,"8,104"
AMD Ryzen 5 7520U,"9,060"
AMD Ryzen 5 7530U,"15,396"
AMD Ryzen 5 7533HS,"15,466"
AMD Ryzen 5 7535H,"18,832"
AMD Ryzen 5 7535HS,"17,872"
AMD Ryzen 5 7535U,"16,974"
AMD Ryzen 5 7540U,"18,598"
AMD Ryzen 5 7545U,"20,274"
AMD Ryzen 5 7600,"27,017"
AMD Ryzen 5 7600X,"28,325"
AMD Ryzen 5 7600X3D,"25,707"
AMD Ryzen 5 7640HS,"22,932"
AMD Ryzen 5 7640U,"21,035"
AMD Ryzen 5 7645HX,"26,097"
AMD Ryzen 5 8400F,"24,567"
AMD Ryzen 5 8500G,"21,499"
AMD Ryzen 5 8500GE,"21,159"
AMD Ryzen 5 8540U,"18,340"
AMD Ryzen 5 8600G,"25,259"
AMD Ryzen 5 8640HS,"19,810"
AMD Ryzen 5 8640U,"20,382"
AMD Ryzen 5 8645HS,"22,300"
AMD Ryzen 5 9600,"28,922"
AMD Ryzen 5 9600X,"29,989"
AMD Ryzen 5 Microsoft Surface Edition,"7,243"
AMD Ryzen 5 PRO 1500,"9,136"
AMD Ryzen 5 PRO 1600,"11,924"
AMD Ryzen 5 PRO 215,"18,032"
AMD Ryzen 5 PRO 220,"19,889"
AMD Ryzen 5 PRO 230,"19,898"
AMD Ryzen 5 PRO 2400G,"8,545"
AMD Ryzen 5 PRO 2400GE,"7,784"
AMD Ryzen 5 PRO 2500U,"6,596"
AMD Ryzen 5 PRO 2600,"13,330"
AMD Ryzen 5 PRO 3350G,"9,125"
AMD Ryzen 5 PRO 3350GE,"9,643"
AMD Ryzen 5 PRO 3400G,"9,054"
AMD Ryzen 5 PRO 3400GE,"7,675"
AMD Ryzen 5 PRO 3500U,"6,922"
AMD Ryzen 5 PRO 3600,"17,197"
AMD Ryzen 5 PRO 4400G,"16,401"
AMD Ryzen 5 PRO 4400GE,"14,795"
AMD Ryzen 5 PRO 4500U,"12,117"
AMD Ryzen 5 PRO 4650G,"16,070"
AMD Ryzen 5 PRO 4650GE,"15,316"
AMD Ryzen 5 PRO 4650U,"12,112"
AMD Ryzen 5 PRO 4655G,"16,280"
AMD Ryzen 5 PRO 4655GE,"14,015"
AMD Ryzen 5 PRO 5645,"21,904"
AMD Ryzen 5 PRO 5650G,"20,478"
AMD Ryzen 5 PRO 5650GE,"18,155"
AMD Ryzen 5 PRO 5650U,"14,312"
AMD Ryzen 5 PRO 5655G,"19,691"
AMD Ryzen 5 PRO 5655GE,"18,169"
AMD Ryzen 5 PRO 5675U,"14,298"
AMD Ryzen 5 PRO 6650H,"18,047"
AMD Ryzen 5 PRO 6650U,"16,315"
AMD Ryzen 5 PRO 7445,"22,310"
AMD Ryzen 5 PRO 7530U,"14,066"
AMD Ryzen 5 Pro 7535U,"16,281"
AMD Ryzen 5 PRO 7540U,"17,463"
AMD Ryzen 5 PRO 7545U,"19,366"
AMD Ryzen 5 PRO 7640HS,"22,144"
AMD Ryzen 5 PRO 7640U,"21,287"
AMD Ryzen 5 PRO 7645,"27,565"
AMD Ryzen 5 PRO 8500G,"22,008"
AMD Ryzen 5 PRO 8500GE,"21,558"
AMD Ryzen 5 PRO 8540U,"18,235"
AMD Ryzen 5 PRO 8600G,"25,071"
AMD Ryzen 5 PRO 8600GE,"23,765"
AMD Ryzen 5 PRO 8640HS,"21,391"
AMD Ryzen 5 PRO 8640U,"22,844"
AMD Ryzen 5 PRO 8645HS,"23,227"
AMD Ryzen 7 1700,"14,783"
AMD Ryzen 7 1700X,"15,623"
AMD Ryzen 7 1800X,"16,307"
AMD Ryzen 7 250,"25,604"
AMD Ryzen 7 255,"30,067"
AMD Ryzen 7 260,"28,659"
AMD Ryzen 7 2700,"15,640"
AMD Ryzen 7 2700E,"14,657"
AMD Ryzen 7 2700U,"6,852"
AMD Ryzen 7 2700X,"17,454"
AMD Ryzen 7 2800H,"8,170"
AMD Ryzen 7 3700C,"6,714"
AMD Ryzen 7 3700U,"7,049"
AMD Ryzen 7 3700X,"22,437"
AMD Ryzen 7 3750H,"7,992"
AMD Ryzen 7 3780U,"7,434"
AMD Ryzen 7 3800X,"23,013"
AMD Ryzen 7 3800XT,"23,442"
AMD Ryzen 7 4700G,"20,175"
AMD Ryzen 7 4700GE,"19,674"
AMD Ryzen 7 4700U,"13,174"
AMD Ryzen 7 4800H,"18,106"
AMD Ryzen 7 4800HS,"18,018"
AMD Ryzen 7 4800U,"16,440"
AMD Ryzen 7 4850U Mobile,"17,110"
AMD Ryzen 7 4980U Microsoft Surface Edition,"17,469"
AMD Ryzen 7 5700,"24,340"
AMD Ryzen 7 5700G,"24,369"
AMD Ryzen 7 5700GE,"21,484"
AMD Ryzen 7 5700U,"15,516"
AMD Ryzen 7 5700X,"26,609"
AMD Ryzen 7 5700X3D,"26,300"
AMD Ryzen 7 5800,"25,740"
AMD Ryzen 7 5800H,"20,703"
AMD Ryzen 7 5800HS,"19,548"
AMD Ryzen 7 5800HS Creator Edition,"18,092"
AMD Ryzen 7 5800U,"18,075"
AMD Ryzen 7 5800X,"27,715"
AMD Ryzen 7 5800X3D,"28,303"
AMD Ryzen 7 5800XT,"27,999"
AMD Ryzen 7 5825C,"14,561"
AMD Ryzen 7 5825U,"18,056"
AMD Ryzen 7 6800H,"22,951"
AMD Ryzen 7 6800HS,"22,697"
AMD Ryzen 7 6800HS Creator Edition,"21,470"
AMD Ryzen 7 6800U,"20,572"
AMD Ryzen 7 6810U,"22,741"
AMD Ryzen 7 7435H,"22,954"
AMD Ryzen 7 7435HS,"23,178"
AMD Ryzen 7 7445HS,"19,017"
AMD Ryzen 7 7700,"34,381"
AMD Ryzen 7 7700X,"35,613"
AMD Ryzen 7 7730U,"17,806"
AMD Ryzen 7 7735H,"23,598"
AMD Ryzen 7 7735HS,"22,941"
AMD Ryzen 7 7735U,"20,551"
AMD Ryzen 7 7736U,"21,696"
AMD Ryzen 7 7745HX,"32,528"
AMD Ryzen 7 7800X3D,"34,291"
AMD Ryzen 7 7840H,"27,827"
AMD Ryzen 7 7840HS,"28,567"
AMD Ryzen 7 7840HX,"42,758"
AMD Ryzen 7 7840S,"23,344"
AMD Ryzen 7 7840U,"24,629"
AMD Ryzen 7 8700F,"31,327"
AMD Ryzen 7 8700G,"31,645"
AMD Ryzen 7 8745H,"29,654"
AMD Ryzen 7 8745HS,"29,141"
AMD Ryzen 7 8745HX,"32,216"
AMD Ryzen 7 8840HS,"25,142"
AMD Ryzen 7 8840HX,"45,268"
AMD Ryzen 7 8840U,"23,390"
AMD Ryzen 7 8845H,"26,975"
AMD Ryzen 7 8845HS,"28,477"
AMD Ryzen 7 9700X,"37,148"
AMD Ryzen 7 9800X3D,"39,982"
AMD Ryzen 7 Extreme Edition,"16,224"
AMD Ryzen 7 H 250,"19,730"
AMD Ryzen 7 H 255,"26,178"
AMD Ryzen 7 H 260,"29,385"
AMD Ryzen 7 PRO 1700,"14,699"
AMD Ryzen 7 PRO 1700X,"15,619"
AMD Ryzen 7 PRO 250,"21,699"
AMD Ryzen 7 PRO 2700,"15,342"
AMD Ryzen 7 PRO 2700U,"7,000"
AMD Ryzen 7 PRO 2700X,"16,959"
AMD Ryzen 7 PRO 3700,"22,792"
AMD Ryzen 7 PRO 3700U,"7,226"
AMD Ryzen 7 PRO 4700G,"19,715"
AMD Ryzen 7 PRO 4750G,"20,226"
AMD Ryzen 7 PRO 4750GE,"18,395"
AMD Ryzen 7 PRO 4750U,"14,802"
AMD Ryzen 7 PRO 5750G,"23,999"
AMD Ryzen 7 PRO 5750GE,"21,088"
AMD Ryzen 7 PRO 5755G,"24,216"
AMD Ryzen 7 PRO 5755GE,"20,870"
AMD Ryzen 7 PRO 5800H,"19,461"
AMD Ryzen 7 PRO 5845,"26,054"
AMD Ryzen 7 PRO 5850U,"16,808"
AMD Ryzen 7 PRO 5875U,"16,657"
AMD Ryzen 7 PRO 6850H,"23,485"
AMD Ryzen 7 PRO 6850HS,"22,322"
AMD Ryzen 7 PRO 6850U,"20,630"
AMD Ryzen 7 PRO 6860Z,"20,084"
AMD Ryzen 7 PRO 7730U,"18,178"
AMD Ryzen 7 Pro 7735U,"18,537"
AMD Ryzen 7 PRO 7745,"34,827"
AMD Ryzen 7 PRO 7840HS,"26,893"
AMD Ryzen 7 PRO 7840U,"24,569"
AMD Ryzen 7 PRO 8700G,"31,004"
AMD Ryzen 7 PRO 8700GE,"28,296"
AMD Ryzen 7 PRO 8840H,"27,994"
AMD Ryzen 7 PRO 8840HS,"26,860"
AMD Ryzen 7 PRO 8840U,"23,947"
AMD Ryzen 7 PRO 8845HS,"29,084"
AMD Ryzen 9 270,"29,567"
AMD Ryzen 9 3900,"30,604"
AMD Ryzen 9 3900X,"32,524"
AMD Ryzen 9 3900XT,"32,521"
AMD Ryzen 9 3950X,"38,530"
AMD Ryzen 9 4900H,"18,921"
AMD Ryzen 9 4900HS,"18,802"
AMD Ryzen 9 4950U Mobile,"16,290"
AMD Ryzen 9 5900,"33,915"
AMD Ryzen 9 5900H,"13,510"
AMD Ryzen 9 5900HS,"21,241"
AMD Ryzen 9 5900HS Creator Edition,"18,747"
AMD Ryzen 9 5900HX,"22,215"
AMD Ryzen 9 5900X,"38,961"
AMD Ryzen 9 5900XT,"44,152"
AMD Ryzen 9 5950X,"45,364"
AMD Ryzen 9 5980HS,"20,257"
AMD Ryzen 9 5980HX,"23,272"
AMD Ryzen 9 6900HS,"23,075"
AMD Ryzen 9 6900HS Creator Edition,"21,224"
AMD Ryzen 9 6900HX,"24,265"
AMD Ryzen 9 7845HX,"44,920"
AMD Ryzen 9 7900,"48,206"
AMD Ryzen 9 7900X,"51,343"
AMD Ryzen 9 7900X3D,"50,232"
AMD Ryzen 9 7940H,"29,063"
AMD Ryzen 9 7940HS,"29,984"
AMD Ryzen 9 7940HX,"53,645"
AMD Ryzen 9 7945HX,"54,445"
AMD Ryzen 9 7945HX3D,"57,721"
AMD Ryzen 9 7950X,"62,356"
AMD Ryzen 9 7950X3D,"62,345"
AMD Ryzen 9 8940HX,"51,324"
AMD Ryzen 9 8945H,"30,338"
AMD Ryzen 9 8945HS,"29,605"
AMD Ryzen 9 8945HX,"52,679"
AMD Ryzen 9 9850HX,"51,665"
AMD Ryzen 9 9900X,"54,581"
AMD Ryzen 9 9900X3D,"56,243"
AMD Ryzen 9 9950X,"65,888"
AMD Ryzen 9 9950X3D,"70,194"
AMD Ryzen 9 9955HX,"56,005"
AMD Ryzen 9 9955HX3D,"61,389"
AMD Ryzen 9 PRO 3900,"31,256"
AMD Ryzen 9 PRO 5945,"34,549"
AMD Ryzen 9 PRO 6950H,"23,810"
AMD Ryzen 9 PRO 6950HS,"22,811"
AMD Ryzen 9 PRO 7940HS,"27,443"
AMD Ryzen 9 PRO 7945,"46,769"
AMD Ryzen 9 PRO 8945HS,"30,465"
AMD Ryzen 9 PRO 9945,"50,113"
AMD Ryzen AI 5 330,"13,814"
AMD Ryzen AI 5 330 w/ Radeon 890M,"13,845"
AMD Ryzen AI 5 340,"19,754"
AMD Ryzen AI 5 PRO 340,"19,406"
AMD Ryzen AI 7 350,"24,876"
AMD Ryzen AI 7 H 350,"26,637"
AMD Ryzen AI 7 PRO 350,"24,070"
AMD Ryzen AI 7 PRO 360,"22,126"
AMD Ryzen AI 9 365,"30,043"
AMD Ryzen AI 9 H 365,"29,245"
AMD Ryzen AI 9 HX 370,"35,168"
AMD Ryzen AI 9 HX 375,"34,527"
AMD Ryzen AI 9 HX PRO 370,"32,960"
AMD Ryzen AI 9 HX PRO 375,"33,591"
AMD Ryzen AI Max 385,"32,274"
AMD Ryzen AI Max 390,"42,055"
AMD Ryzen AI Max Pro 380,"24,613"
AMD Ryzen AI Max Pro 385,"30,849"
AMD Ryzen AI Max Pro 390,"43,208"
AMD RYZEN AI MAX+ 388,"31,702"
AMD Ryzen AI Max+ 395,"54,512"
AMD Ryzen AI Max+ Pro 395,"51,805"
AMD Ryzen AI Z2 Extreme,"22,981"
AMD Ryzen Embedded R1305G,"3,142"
AMD Ryzen Embedded R1505G,"3,791"
AMD Ryzen Embedded R1600,"3,276"
AMD Ryzen Embedded R1606G,"4,162"
AMD Ryzen Embedded R2312,"3,952"
AMD Ryzen Embedded R2314,"5,864"
AMD Ryzen Embedded R2514,"6,731"
AMD Ryzen Embedded R2544,"8,486"
AMD Ryzen Embedded V1202B,"3,512"
AMD Ryzen Embedded V1404I,"6,007"
AMD Ryzen Embedded V1500B,"4,513"
AMD Ryzen Embedded V1605B,"6,712"
AMD Ryzen Embedded V1756B,"8,043"
AMD Ryzen Embedded V1780B,"7,800"
AMD Ryzen Embedded V1807B,"8,042"
AMD Ryzen Embedded V1807F,"7,775"
AMD Ryzen Embedded V2516,"13,329"
AMD Ryzen Embedded V2546,"10,912"
AMD Ryzen Embedded V2718,"15,831"
AMD Ryzen Embedded V2748,"18,434"
AMD Ryzen Embedded V2A46,"4,999"
AMD Ryzen Embedded V3C14,"11,882"
AMD Ryzen Embedded V3C18I,"13,856"
AMD Ryzen Embedded V3C48,"20,203"
AMD Ryzen Threadripper 1900X,"16,825"
AMD Ryzen Threadripper 1920,"22,066"
AMD Ryzen Threadripper 1920X,"23,155"
AMD Ryzen Threadripper 1950X,"27,496"
AMD Ryzen Threadripper 2920X,"25,143"
AMD Ryzen Threadripper 2950X,"29,461"
AMD Ryzen Threadripper 2970WX,"30,954"
AMD Ryzen Threadripper 2990WX,"32,112"
AMD Ryzen Threadripper 2990X,"25,874"
AMD Ryzen Threadripper 3960X,"54,775"
AMD Ryzen Threadripper 3970X,"62,994"
AMD Ryzen Threadripper 3990X,"79,825"
AMD Ryzen Threadripper 7960X,"83,551"
AMD Ryzen Threadripper 7970X,"99,183"
AMD Ryzen Threadripper 7980X,"135,927"
AMD Ryzen Threadripper 9960X 24 Cores,"92,436"
AMD Ryzen Threadripper 9970X,"108,331"
AMD Ryzen Threadripper 9980X,"141,034"
AMD Ryzen Threadripper PRO 3945WX,"33,432"
AMD Ryzen Threadripper PRO 3955WX,"40,024"
AMD Ryzen Threadripper PRO 3975WX,"62,206"
AMD Ryzen Threadripper PRO 3995WX,"83,798"
AMD Ryzen Threadripper PRO 5945WX,"40,143"
AMD Ryzen Threadripper PRO 5955WX,"48,674"
AMD Ryzen Threadripper PRO 5965WX,"66,614"
AMD Ryzen Threadripper PRO 5975WX,"75,041"
AMD Ryzen Threadripper PRO 5995WX,"94,752"
AMD Ryzen Threadripper PRO 7945WX,"49,718"
AMD Ryzen Threadripper PRO 7955WX,"60,014"
AMD Ryzen Threadripper PRO 7965WX,"82,383"
AMD Ryzen Threadripper PRO 7975WX,"96,101"
AMD Ryzen Threadripper PRO 7985WX,"132,833"
AMD Ryzen Threadripper PRO 7995WX,"143,872"
AMD Ryzen Threadripper PRO 9945WX,"56,854"
AMD Ryzen Threadripper PRO 9955WX,"67,734"
AMD Ryzen Threadripper PRO 9965WX,"94,052"
AMD Ryzen Threadripper PRO 9975WX,"107,049"
AMD Ryzen Threadripper PRO 9985WX,"153,889"
AMD Ryzen Threadripper PRO 9995WX,"176,694"
AMD Ryzen Z1,"18,406"
AMD Ryzen Z1 Extreme,"24,713"
AMD Ryzen Z2 A,"10,557"
AMD Ryzen Z2 Extreme,"24,177"
AMD Ryzen Z2 Go,"12,270"
AMD Sempron 130,511
AMD Sempron 140,511
AMD Sempron 145,540
AMD Sempron 150,597
AMD Sempron 200U,125
AMD Sempron 210U,267
AMD Sempron 2200+,184
AMD Sempron 2300+,207
AMD Sempron 240,"1,278"
AMD Sempron 2400+,205
AMD Sempron 2500+,207
AMD Sempron 2600+,253
AMD Sempron 2650 APU,522
AMD Sempron 2800+,243
AMD Sempron 3000+,299
AMD Sempron 3100+,298
AMD Sempron 3200+,251
AMD Sempron 3300+,315
AMD Sempron 3400+,292
AMD Sempron 3500+,232
AMD Sempron 3600+,337
AMD Sempron 3800+,360
AMD Sempron 3850 APU,"1,168"
AMD Sempron Dual Core 2100,506
AMD Sempron Dual Core 2200,563
AMD Sempron Dual Core 2300,555
AMD Sempron LE 1100,315
AMD Sempron LE 1150,251
AMD Sempron LE 1200,349
AMD Sempron LE 1250,301
AMD Sempron LE 1300,417
AMD Sempron M100,332
AMD Sempron M120,281
AMD Sempron SI 40,288
AMD Sempron SI 42,245
AMD Sempron X2 180,826
AMD Sempron X2 190,879
AMD Sempron X2 198 Dual Core,930
AMD Turion 64 Mobile MK 36,334
AMD Turion 64 Mobile MK 38,362
AMD Turion 64 Mobile ML 28,254
AMD Turion 64 Mobile ML 30,277
AMD Turion 64 Mobile ML 32,285
AMD Turion 64 Mobile ML 34,319
AMD Turion 64 Mobile ML 37,334
AMD Turion 64 Mobile ML 40,336
AMD Turion 64 Mobile ML 42,400
AMD Turion 64 Mobile ML 44,384
AMD Turion 64 Mobile MT 30,246
AMD Turion 64 Mobile MT 32,286
AMD Turion 64 Mobile MT 34,279
AMD Turion 64 Mobile MT 37,274
AMD Turion 64 X2 Mobile TL 50,474
AMD Turion 64 X2 Mobile TL 52,534
AMD Turion 64 X2 Mobile TL 56,514
AMD Turion 64 X2 Mobile TL 58,485
AMD Turion 64 X2 Mobile TL 60,638
AMD Turion 64 X2 Mobile TL 62,668
AMD Turion 64 X2 Mobile TL 64,668
AMD Turion 64 X2 Mobile TL 66,716
AMD Turion 64 X2 Mobile TL 68,866
AMD Turion Dual Core RM 70,561
AMD Turion Dual Core RM 72,649
AMD Turion Dual Core RM 74,588
AMD Turion Dual Core RM 75,659
AMD Turion II Dual Core Mobile M500,753
AMD Turion II Dual Core Mobile M520,855
AMD Turion II Dual Core Mobile M540,912
AMD Turion II N530 Dual Core,855
AMD Turion II N550 Dual Core,877
AMD Turion II Neo K625 Dual Core,618
AMD Turion II Neo K685 Dual Core,684
AMD Turion II Neo N40L Dual Core,624
AMD Turion II Neo N54L Dual Core,862
AMD Turion II P520 Dual Core,870
AMD Turion II P540 Dual Core,922
AMD Turion II P560 Dual Core,913
AMD Turion II Ultra Dual Core Mobile M600,955
AMD Turion II Ultra Dual Core Mobile M620,814
AMD Turion II Ultra Dual Core Mobile M640,"1,034"
AMD Turion II Ultra Dual Core Mobile M660,"1,011"
AMD Turion Neo X2 Dual Core L625,432
AMD Turion X2 Dual Core L510,603
AMD Turion X2 Dual Core Mobile RM 70,497
AMD Turion X2 Dual Core Mobile RM 76,691
AMD Turion X2 Dual Core Mobile RM 70,612
AMD Turion X2 Dual Core Mobile RM 72,653
AMD Turion X2 Dual Core Mobile RM 74,655
AMD Turion X2 Dual Core Mobile RM 75,733
AMD Turion X2 Dual Core Mobile RM 76,799
AMD Turion X2 Dual Core Mobile RM 77,562
AMD Turion X2 Ultra Dual Core Mobile ZM 80,506
AMD Turion X2 Ultra Dual Core Mobile ZM 82,645
AMD Turion X2 Ultra Dual Core Mobile ZM 84,802
AMD Turion X2 Ultra Dual Core Mobile ZM 85,828
AMD Turion X2 Ultra Dual Core Mobile ZM 86,695
AMD Turion X2 Ultra Dual Core Mobile ZM 87,783
AMD TurionX2 Dual Core Mobile RM 70,536
AMD TurionX2 Dual Core Mobile RM 72,471
AMD TurionX2 Ultra DualCore Mobile ZM 85,841
AMD TurionX2 Ultra DualCore Mobile ZM 87,599
AMD V105,184
AMD V120,385
AMD V140,422
AMD V160,371
AMD Z 01,305
AMD Z 60 APU,262
Amlogic,655
Amlogic AMLA311D2,"3,522"
Amlogic AMLS905D3,815
Amlogic AMLS905X2,754
Amlogic AMLS905X4,500
Amlogic AMLS905X5,"1,681"
Amlogic AMLT982,972
Ampere Altra Max,"72,121"
Ampere ARM   192 Core 3200 MHz,"57,444"
AOSP ranchu,"2,270"
ap201,565
Apple A11 Bionic,"4,434"
Apple A12 Bionic,"5,030"
Apple A12X Bionic,"11,047"
Apple A12Z Bionic,"9,365"
Apple A13 Bionic,"5,769"
Apple A14 Bionic,"8,548"
Apple A15 Bionic,"9,886"
Apple A16,"9,977"
Apple A16 Bionic,"10,912"
Apple A17 Pro,"12,194"
Apple A18,"12,455"
Apple A18 Pro,"12,891"
Apple A19,"14,525"
Apple A19 Pro,"14,801"
Apple A8,"1,528"
Apple A8X,"2,383"
Apple A9,"2,072"
Apple A9X,"2,508"
Apple M1 8 Core 3200 MHz,"14,146"
Apple M1 Max 10 Core 3200 MHz,"22,152"
Apple M1 Pro 10 Core 3200 MHz,"21,928"
Apple M1 Pro 8 Core 3200 MHz,"17,215"
Apple M1 Ultra 20 Core,"41,406"
Apple M2 8 Core 3500 MHz,"15,651"
Apple M2 Max 12 Core 3680 MHz,"26,823"
Apple M2 Pro 10 Core 3480 MHz,"21,925"
Apple M2 Pro 12 Core 3480 MHz,"26,689"
Apple M2 Ultra 24 Core,"50,787"
Apple M3 8 Core,"19,141"
Apple M3 Max 14 Core,"36,521"
Apple M3 Max 16 Core,"41,257"
Apple M3 Pro 11 Core,"24,877"
Apple M3 Pro 12 Core,"24,160"
Apple M3 Ultra 28 Core,"68,694"
Apple M3 Ultra 32 Core,"73,785"
Apple M4 10 Core,"23,834"
Apple M4 8 Core,"20,761"
Apple M4 9 Core,"22,232"
Apple M4 Max 14 Core,"38,561"
Apple M4 Max 16 Core,"43,956"
Apple M4 Pro 12 Core,"32,883"
Apple M4 Pro 14 Core,"38,152"
ARM   10 Core 0 MHz,"10,088"
ARM   10 Core 2000 MHz,"9,787"
ARM   12 Core 0 MHz,"14,352"
ARM   12 Core 2000 MHz,"16,944"
ARM   14 Core 2601 MHz,"12,794"
ARM   16 Core 0 MHz,"19,753"
ARM   2 Core 0 MHz,"2,368"
ARM   20 Core 0 MHz,"22,504"
ARM   32 Core 2911 MHz,"8,132"
ARM   32 Core 3300 MHz,"8,684"
ARM   4 Core 0 MHz,"5,650"
ARM   4 Core 1804 MHz,"3,336"
ARM   4 Core 2016 MHz,"3,653"
ARM   6 Core 0 MHz,"8,515"
ARM   6 Core 1800 MHz,"2,039"
ARM   8 Core 0 MHz,"8,515"
ARM   8 Core 1766 MHz,"4,080"
ARM   8 Core 1800 MHz,"3,192"
ARM   8 Core 2208 MHz,"2,270"
ARM   8 Core 2424 MHz,"8,610"
ARM Ampere 1 4 Core 0 MHz,"3,034"
ARM Ampere 1a 192 Core 2600 MHz,"47,202"
ARM Apple M1 (Virtual) 4 Core 0 MHz,"10,123"
ARM Apple M1 Max (Virtual) 10 Core 0 MHz,"21,197"
ARM Apple M5 10 Core,"28,757"
ARM ARMv7 rev 1 (v7l) 4 Core 1608 MHz,776
ARM ARMv7 rev 1 (v7l) 4 Core 1800 MHz,913
ARM ARMv7 rev 3 (v7l) 4 Core 2065 MHz,984
ARM ARMv7 rev 4 (v7l) 4 Core 1200 MHz,403
ARM ARMv7 rev 4 (v7l) 4 Core 1400 MHz,399
ARM ARMv7 rev 5 (v7l) 2 Core 0 MHz,113
ARM ARMv7 rev 5 (v7l) 4 Core 1200 MHz,325
ARM ARMv8 6 Core 0 MHz,"4,262"
ARM ARMv8 8 Core 2500 MHz,"4,102"
ARM ARMv8 rev 1 (v8l) 4 Core 1510 MHz,"1,042"
ARM ARMv8 rev 1 (v8l) 4 Core 1984 MHz,"1,473"
ARM ARMv8 rev 1 (v8l) 6 Core 1510 MHz,"2,553"
ARM ARMv8 rev 1 (v8l) 6 Core 1984 MHz,"2,776"
ARM Avalanche M2 4 Core 2424 MHz,"8,017"
ARM CIX P1 CD8180 7 Core 2500 MHz,"5,505"
ARM Cortex A15 4 Core 1400 MHz,"1,161"
ARM Cortex A15 4 Core 1500 MHz,"1,304"
ARM Cortex A15 4 Core 2000 MHz,923
ARM Cortex A15 8 Core 1400 MHz,"1,160"
ARM Cortex A17 4 Core 1800 MHz,781
ARM Cortex A35 4 Core 0 MHz,413
ARM Cortex A35 4 Core 1200 MHz,329
ARM Cortex A35 4 Core 1296 MHz,322
ARM Cortex A35 4 Core 2004 MHz,546
ARM Cortex A53 1 Core 0 MHz,65
ARM Cortex A53 2 Core 0 MHz,161
ARM Cortex A53 4 Core 0 MHz,337
ARM Cortex A53 4 Core 1000 MHz,215
ARM Cortex A53 4 Core 1008 MHz,313
ARM Cortex A53 4 Core 1152 MHz,338
ARM Cortex A53 4 Core 1199 MHz,408
ARM Cortex A53 4 Core 1200 MHz,277
ARM Cortex A53 4 Core 1296 MHz,416
ARM Cortex A53 4 Core 1300 MHz,438
ARM Cortex A53 4 Core 1333 MHz,207
ARM Cortex A53 4 Core 1368 MHz,385
ARM Cortex A53 4 Core 1392 MHz,417
ARM Cortex A53 4 Core 1400 MHz,271
ARM Cortex A53 4 Core 1416 MHz,469
ARM Cortex A53 4 Core 1500 MHz,340
ARM Cortex A53 4 Core 1512 MHz,470
ARM Cortex A53 4 Core 1536 MHz,222
ARM Cortex A53 4 Core 1600 MHz,479
ARM Cortex A53 4 Core 1608 MHz,462
ARM Cortex A53 4 Core 1704 MHz,556
ARM Cortex A53 4 Core 1800 MHz,508
ARM Cortex A53 4 Core 1908 MHz,638
ARM Cortex A53 4 Core 1968 MHz,571
ARM Cortex A53 4 Core 2016 MHz,435
ARM Cortex A53 4 Core 2040 MHz,593
ARM Cortex A53 4 Core 600 MHz,220
ARM Cortex A53 6 Core 1896 MHz,"1,851"
ARM Cortex A53 8 Core 1512 MHz,739
ARM Cortex A55 4 Core 0 MHz,415
ARM Cortex A55 4 Core 1416 MHz,505
ARM Cortex A55 4 Core 1800 MHz,630
ARM Cortex A55 4 Core 1908 MHz,707
ARM Cortex A55 4 Core 1992 MHz,680
ARM Cortex A55 4 Core 2000 MHz,711
ARM Cortex A55 4 Core 2016 MHz,755
ARM Cortex A55 4 Core 2100 MHz,695
ARM Cortex A55 4 Core 2124 MHz,742
ARM Cortex A55 4 Core 2208 MHz,798
ARM Cortex A55 4 Core 2508 MHz,960
ARM Cortex A55 6 Core 1800 MHz,984
ARM Cortex A55 8 Core 1416 MHz,"1,123"
ARM Cortex A55 8 Core 1500 MHz,536
ARM Cortex A55 8 Core 1800 MHz,"3,163"
ARM Cortex A57 2 Core 1479 MHz,318
ARM Cortex A57 4 Core 0 MHz,888
ARM Cortex A57 4 Core 1479 MHz,956
ARM Cortex A57 4 Core 1734 MHz,"1,170"
ARM Cortex A57 4 Core 1912 MHz,990
ARM Cortex A57 4 Core 2014 MHz,"1,229"
ARM Cortex A57 4 Core 2091 MHz,"1,192"
ARM Cortex A57 4 Core 2295 MHz,"1,080"
ARM Cortex A57 8 Core 1500 MHz,"1,022"
ARM Cortex A57 8 Core 1766 MHz,"3,766"
ARM Cortex A7 2 Core 1080 MHz,142
ARM Cortex A7 2 Core 960 MHz,111
ARM Cortex A7 2 Core 996 MHz,138
ARM Cortex A7 4 Core 1000 MHz,278
ARM Cortex A7 4 Core 1008 MHz,269
ARM Cortex A7 4 Core 1200 MHz,228
ARM Cortex A7 4 Core 1296 MHz,253
ARM Cortex A7 4 Core 1300 MHz,343
ARM Cortex A7 4 Core 1368 MHz,354
ARM Cortex A7 4 Core 1392 MHz,318
ARM Cortex A7 4 Core 900 MHz,232
ARM Cortex A715 4 Core 2200 MHz,"3,432"
ARM Cortex A72 1 Core 0 MHz,400
ARM Cortex A72 16 Core 0 MHz,"5,192"
ARM Cortex A72 16 Core 2000 MHz,"5,110"
ARM Cortex A72 16 Core 2200 MHz,"5,470"
ARM Cortex A72 2 Core 0 MHz,693
ARM Cortex A72 2 Core 1199 MHz,509
ARM Cortex A72 2 Core 1703 MHz,842
ARM Cortex A72 4 Core 0 MHz,"2,088"
ARM Cortex A72 4 Core 1000 MHz,608
ARM Cortex A72 4 Core 1200 MHz,174
ARM Cortex A72 4 Core 1416 MHz,927
ARM Cortex A72 4 Core 1500 MHz,616
ARM Cortex A72 4 Core 1600 MHz,667
ARM Cortex A72 4 Core 1700 MHz,541
ARM Cortex A72 4 Core 1750 MHz,335
ARM Cortex A72 4 Core 1800 MHz,677
ARM Cortex A72 4 Core 1850 MHz,199
ARM Cortex A72 4 Core 1900 MHz,742
ARM Cortex A72 4 Core 2000 MHz,765
ARM Cortex A72 4 Core 2016 MHz,"2,201"
ARM Cortex A72 4 Core 2100 MHz,674
ARM Cortex A72 4 Core 2200 MHz,795
ARM Cortex A72 4 Core 2208 MHz,"2,290"
ARM Cortex A72 4 Core 2300 MHz,905
ARM Cortex A72 4 Core 2394 MHz,"1,254"
ARM Cortex A72 4 Core 2400 MHz,"1,158"
ARM Cortex A72 4 Core 2800 MHz,314
ARM Cortex A72 4 Core 800 MHz,279
ARM Cortex A72 6 Core 1008 MHz,734
ARM Cortex A72 6 Core 1416 MHz,"1,071"
ARM Cortex A72 6 Core 1512 MHz,"1,183"
ARM Cortex A72 8 Core 0 MHz,"3,254"
ARM Cortex A72 8 Core 2016 MHz,"2,208"
ARM Cortex A720 12 Core 2600 MHz,"6,920"
ARM Cortex A720 8 Core 2600 MHz,"6,141"
ARM Cortex A725 10 Core 2808 MHz,"25,310"
ARM Cortex A73 4 Core 0 MHz,908
ARM Cortex A73 4 Core 1800 MHz,891
ARM Cortex A73 4 Core 1844 MHz,"1,368"
ARM Cortex A73 4 Core 1900 MHz,"1,547"
ARM Cortex A73 4 Core 1989 MHz,"1,780"
ARM Cortex A73 4 Core 2100 MHz,"1,185"
ARM Cortex A73 6 Core 1896 MHz,"1,242"
ARM Cortex A73 6 Core 1992 MHz,"1,311"
ARM Cortex A73 6 Core 2016 MHz,"1,445"
ARM Cortex A73 8 Core 1989 MHz,"1,803"
ARM Cortex A76 2 Core 0 MHz,"1,949"
ARM Cortex A76 4 Core 1500 MHz,"1,488"
ARM Cortex A76 4 Core 1608 MHz,"2,698"
ARM Cortex A76 4 Core 1800 MHz,"3,114"
ARM Cortex A76 4 Core 2000 MHz,"1,513"
ARM Cortex A76 4 Core 2400 MHz,"2,172"
ARM Cortex A76 4 Core 2500 MHz,"2,342"
ARM Cortex A76 4 Core 2600 MHz,"2,327"
ARM Cortex A76 4 Core 2700 MHz,"2,383"
ARM Cortex A76 4 Core 2800 MHz,"2,477"
ARM Cortex A76 4 Core 2900 MHz,"2,624"
ARM Cortex A76 4 Core 3000 MHz,"2,608"
ARM Cortex A76 4 Core 3100 MHz,"2,734"
ARM Cortex A76 4 Core 3200 MHz,"2,579"
ARM Cortex A76 4 Core 3300 MHz,"2,493"
ARM Cortex A76 4 Core 3400 MHz,"2,580"
ARM Cortex A76 8 Core 0 MHz,"1,917"
ARM Cortex A76 8 Core 1800 MHz,"3,064"
ARM Cortex A78 4 Core 1958 MHz,"3,150"
ARM Cortex A78 4 Core 2000 MHz,"3,016"
ARM Cortex A78 8 Core,"2,845"
ARM Cortex A78AE 10 Core 2112 MHz,"5,520"
ARM Cortex A78AE 12 Core 2201 MHz,"6,895"
ARM Cortex A78AE 16 Core 0 MHz,"9,072"
ARM Cortex A78AE 6 Core 1510 MHz,"2,418"
ARM Cortex A78AE 6 Core 1728 MHz,"2,778"
ARM Cortex A78AE 8 Core 1984 MHz,"3,764"
ARM Cortex A78AE 8 Core 2201 MHz,"3,788"
ARM Cortex X1 4 Core 0 MHz,"2,326"
ARM Cortex X1 4 Core 1803 MHz,"2,348"
ARM Cortex X1C 4 Core 2438 MHz,"6,007"
ARM D2000/8 8 Core 2300 MHz,"2,674"
ARM Falkor V1/Kryo 4 Core 1612 MHz,"1,453"
ARM Falkor V1/Kryo 8 Core 1900 MHz,"1,652"
ARM Falkor V1/Kryo 4 Core 1900 MHz,"1,656"
ARM Firestorm 4 Core 2064 MHz,"7,804"
ARM Firestorm 8 Core 2064 MHz,"6,775"
ARM Firestorm M1 4 Core 2064 MHz,"7,752"
ARM Firestorm M1 Pro 8 Core 2064 MHz,"9,872"
ARM FT 2000+/64 64 Core 0 MHz,"9,605"
ARM FT 2000/4 4 Core 2200 MHz,881
ARM FTC662 64 Core 0 MHz,"8,008"
ARM FTC663 8 Core 0 MHz,"2,408"
"ARM HUAWEI,Kunpeng 920 24 Core 2600 MHz","9,496"
ARM Krait 4 Core 0 MHz,393
ARM Kryo 3XX Gold 4 Core 1766 MHz,"2,222"
ARM Kryo 3XX Gold 8 Core 1766 MHz,"2,372"
ARM Kryo 4XX Gold 1 Core 0 MHz,769
ARM Kryo 4XX Gold 8 Core 0 MHz,"3,864"
ARM Kryo 4XX Gold 8 Core 1804 MHz,"2,531"
ARM Kryo 4XX Silver 4 Core 1804 MHz,"3,172"
ARM Kunpeng 920 16 Core 0 MHz,"7,202"
ARM Kunpeng 920 24 Core 0 MHz,"8,870"
ARM Kunpeng 920 24 Core 2600 MHz,"9,841"
ARM Kunpeng 920 8 Core 0 MHz,"3,989"
ARM Kunpeng 920 8 Core 2600 MHz,"3,910"
ARM Neoverse N1 1 Core 0 MHz,724
ARM Neoverse N1 10 Core 0 MHz,"7,390"
ARM Neoverse N1 12 Core 0 MHz,"8,994"
ARM Neoverse N1 128 Core 2600 MHz,"35,265"
ARM Neoverse N1 128 Core 2800 MHz,"43,111"
ARM Neoverse N1 128 Core 3000 MHz,"39,780"
ARM Neoverse N1 16 Core 0 MHz,"11,451"
ARM Neoverse N1 2 Core 0 MHz,"1,515"
ARM Neoverse N1 3 Core 0 MHz,"2,385"
ARM Neoverse N1 32 Core 0 MHz,"17,384"
ARM Neoverse N1 32 Core 1700 MHz,"11,841"
ARM Neoverse N1 4 Core 0 MHz,"3,120"
ARM Neoverse N1 48 Core 0 MHz,"27,266"
ARM Neoverse N1 6 Core 0 MHz,"4,575"
ARM Neoverse N1 60 Core 0 MHz,"30,828"
ARM Neoverse N1 64 Core 0 MHz,"28,040"
ARM Neoverse N1 64 Core 2200 MHz,"20,250"
ARM Neoverse N1 64 Core 3000 MHz,"17,515"
ARM Neoverse N1 8 Core 0 MHz,"5,976"
ARM Neoverse N1 80 Core 0 MHz,"34,878"
ARM Neoverse N1 80 Core 2600 MHz,"18,823"
ARM Neoverse N1 80 Core 2800 MHz,"11,755"
ARM Neoverse N1 80 Core 3000 MHz,"35,253"
ARM Neoverse N1 96 Core 2800 MHz,"29,890"
ARM Neoverse N2 16 Core 0 MHz,"14,636"
ARM Neoverse N2 2 Core 0 MHz,"1,987"
ARM Neoverse N2 8 Core 2500 MHz,"5,544"
ARM Neoverse V1 1 Core 0 MHz,785
ARM Neoverse V1 16 Core 0 MHz,"11,519"
ARM Neoverse V1 2 Core 0 MHz,"1,567"
ARM Neoverse V1 4 Core 0 MHz,"3,084"
ARM Neoverse V2 1 Core 0 MHz,944
ARM Neoverse V2 2 Core 0 MHz,"1,995"
ARM Neoverse V2 4 Core 0 MHz,"3,940"
ARM Neoverse V2 72 Core 3411 MHz,"56,432"
ARM Neoverse V2 72 Core 3447 MHz,"57,299"
ARM Neoverse V2 72 Core 3465 MHz,"57,369"
ARM Neoverse V2 72 Core 3519 MHz,"57,240"
ARM Neoverse V2 96 Core 0 MHz,"56,557"
ARM Oryon 12 Core 3417 MHz,"14,036"
ARM Oryon 8 Core 0 MHz,"4,955"
ARM Phytium D3000 8 Core 2500 MHz,"5,528"
ARM phytium FT1500a 4 Core 2000 MHz,"1,579"
"ARM Phytium,D2000/8 8 Core 2000 MHz","2,409"
"ARM Phytium,D2000/8 8 Core 2300 MHz","2,690"
"ARM Phytium,D2000/8 E8C 8 Core 2300 MHz","2,522"
"ARM Phytium,FT 2000/4 4 Core 0 MHz","1,658"
"ARM Phytium,FT 2000/4 8 Core 2300 MHz","2,720"
"ARM Phytium,FT D3000 8 Core 2500 MHz","5,601"
ARM Phytium D3000M 8 C 8 Core 1800 MHz,"4,541"
ARM X Gene 32 Core 3000 MHz,"8,202"
ARM X Gene 32 Core 3300 MHz,"8,684"
ARM X Gene 8 Core 0 MHz,"1,091"
ASUS Tinker Board 2/2S,"1,771"
Athlon 64 Dual Core 3800+,736
Athlon 64 Dual Core 5000+,850
Athlon 64 Dual Core 5600+,875
Athlon Dual Core 4050e,670
Athlon Dual Core 4450e,681
Athlon Dual Core 4850e,769
BCM2711,852
BCM2712,"3,284"
BCM2835,"1,239"
Broadcom BCM2712,"4,376"
Broadcom STB (Flattened Device Tree),659
Celeron Dual Core T3000  1.80GHz,643
Celeron Dual Core T3100  1.90GHz,613
Celeron Dual Core T3300  2.00GHz,633
Celeron Dual Core T3500  2.10GHz,764
CentaurHauls 2000MHz,"6,549"
CentaurHauls 2400MHz,"7,784"
CentaurHauls 2500MHz,"8,014"
CIX P1 CD8180,"9,277"
Common KVM v2,"2,127"
Cortex A76,51
DG1201SLF87HW,"2,369"
DG1301SML87HY,"3,624"
DG1401SNF87ID,"3,645"
DG1701SNF87IG,"2,981"
DO Regular,"1,077"
Dragonwing QCS6490,"6,001"
Dual Core AMD Opteron 1220 SE,748
Embedded Ryzen V4728X,"24,000"
Essgoo,497
Fabrikams XY9  3.15 GHz,"6,715"
Firestorm M1,"4,295"
General Purpose,"3,396"
Generic DT based system,639
Giada JHS558 (Android),"2,022"
Google GS201,"7,208"
Google R11 BtWifi Evt1.1,187
Google Tensor,"6,691"
Google Tensor G3,"8,033"
Google Tensor G4,"8,279"
Google Tensor G5,"12,483"
Grandstream GXV3480 Video Phone,"1,078"
Hardkernel ODROID N2Plus,"2,115"
"Haydn based on Qualcomm Technologies, Inc SM8350","5,392"
hi6210sft,796
hi6620oem,396
High Performance Datacenter v,"1,610"
HiSilicon Kirin,"6,405"
HiSilicon Kirin 659,"1,893"
Hisilicon Kirin 925,"1,053"
Hisilicon Kirin 930,"1,415"
Hisilicon Kirin 935,"1,599"
HiSilicon Kirin 950,"2,457"
Hisilicon Kirin 955,"2,936"
HiSilicon Kirin 960,"2,897"
HiSilicon Kirin 970,"2,908"
Hisilicon Kirin 990,"3,965"
Hisilicon Kirin710,"2,444"
Hisilicon Kirin810,"2,945"
Hisilicon Kirin820,"4,368"
Hisilicon Kirin9000,"5,083"
Hisilicon Kirin970,"2,690"
Hisilicon Kirin980,"4,392"
Hisilicon Kirin985,"4,162"
HP Hexa Core 2.0GHz,"1,741"
Hygon C86 3185 8 core,"9,243"
Hygon C86 3250 8 core,"11,424"
Hygon C86 3330 4 core,"6,031"
Hygon C86 3350 8 core,"12,795"
Hygon C86 52xx series,"4,080"
Hygon C86 7255 16 core,"18,831"
Hygon C86 3G,"12,691"
Hygon C86 3G (OPN 3350M),"4,660"
Hygon C86 3G (OPN:3350),"11,328"
Hygon C86 3G (OPN:3350M),"4,742"
Hygon C86 3G 3G (OPN:3350),"11,712"
Hygon C86 4G (OPN:3450M),"16,306"
Hygon C86 4G (OPN:3490),"21,968"
Hygon C86 4G (OPN:5440),"21,230"
Intel 2.80GHz,341
Intel 3 N350,"4,877"
Intel 3 N355,"10,481"
Intel 300,"7,247"
Intel 300T,"6,084"
Intel Atom 230  1.60GHz,169
Intel Atom 330  1.60GHz,381
Intel Atom C1110,"3,170"
Intel Atom C2338  1.74GHz,584
Intel Atom C2350  1.74GHz,520
Intel Atom C2358  1.74GHz,562
Intel Atom C2538  2.40GHz,968
Intel Atom C2550  2.40GHz,"1,422"
Intel Atom C2558  2.40GHz,"1,424"
Intel Atom C2750  2.40GHz,"2,787"
Intel Atom C2750  2.41GHz,"2,174"
Intel Atom C2758  2.40GHz,"2,317"
Intel Atom C3338  1.50GHz,"1,028"
Intel Atom C3508  1.60GHz,"1,831"
Intel Atom C3538  2.10GHz,"1,910"
Intel Atom C3558  2.20GHz,"2,431"
Intel Atom C3708  1.70GHz,"3,750"
Intel Atom C3758  2.20GHz,"4,614"
Intel Atom C3758R  2.40GHz,"5,100"
Intel Atom C3808  2.00GHz,"5,671"
Intel Atom C3858  2.00GHz,"5,040"
Intel Atom C3958  2.00GHz,"3,929"
Intel Atom C5125,"8,631"
Intel Atom D2500  1.86GHz,251
Intel Atom D2550  1.86GHz,409
Intel Atom D2560  2.00GHz,433
Intel Atom D2700  2.13GHz,467
Intel Atom D2701  2.13GHz,515
Intel Atom D410  1.66GHz,180
Intel Atom D425  1.80GHz,185
Intel Atom D510  1.66GHz,406
Intel Atom D525  1.80GHz,397
Intel Atom E3805  1.33GHz,406
Intel Atom E3815  1.46GHz,193
Intel Atom E3825  1.33GHz,378
Intel Atom E3826  1.46GHz,334
Intel Atom E3827  1.74GHz,480
Intel Atom E3840  1.91GHz,704
Intel Atom E3845  1.91GHz,"1,069"
Intel Atom E3900  1.60GHz,"1,953"
Intel Atom N2100  1.60GHz,193
Intel Atom N2600  1.60GHz,344
Intel Atom N270  1.60GHz,136
Intel Atom N280  1.66GHz,157
Intel Atom N2800  1.86GHz,444
Intel Atom N435  1.33GHz,153
Intel Atom N450  1.66GHz,202
Intel Atom N455  1.66GHz,188
Intel Atom N470  1.83GHz,224
Intel Atom N475  1.83GHz,179
Intel Atom N550  1.50GHz,304
Intel Atom N570  1.66GHz,360
Intel Atom P5322,"7,378"
Intel Atom P5342,"13,085"
Intel Atom P5362,"17,276"
Intel Atom S1260  2.00GHz,526
Intel Atom T5700  1.70GHz,"2,363"
Intel Atom x5 E3930  1.30GHz,896
Intel Atom x5 E3940  1.60GHz,"1,816"
Intel Atom x5 E8000  1.04GHz,971
Intel Atom x5 Z8300  1.44GHz,843
Intel Atom x5 Z8330  1.44GHz,800
Intel Atom x5 Z8350  1.44GHz,894
Intel Atom x5 Z8500  1.44GHz,"1,242"
Intel Atom x5 Z8550  1.44GHz,"1,143"
Intel Atom x6211E  1.20GHz,"1,695"
Intel Atom x6211E  1.30GHz,"1,762"
Intel Atom x6214RE  1.40GHz,"1,109"
Intel Atom x6413E  1.50GHz,"3,783"
Intel Atom x6414RE  1.50GHz,"2,128"
Intel Atom x6425E  2.00GHz,"3,675"
Intel Atom x6425RE  1.90GHz,"2,819"
Intel Atom x6427FE  1.90GHz,"3,196"
Intel Atom x7 E3950  1.60GHz,"2,071"
Intel Atom x7 Z8700  1.60GHz,"1,325"
Intel Atom x7 Z8750  1.60GHz,"1,294"
Intel Atom x7211E,"2,553"
Intel Atom x7211RE,"2,188"
Intel Atom x7213RE,"2,425"
Intel Atom x7405C,"5,218"
Intel Atom x7425E,"5,427"
Intel Atom x7433RE,"4,049"
Intel Atom x7809C,"9,409"
Intel Atom x7835RE,"6,513"
Intel Atom Z2760  1.80GHz,298
Intel Atom Z3530  1.33GHz,565
Intel Atom Z3560  1.00GHz,749
Intel Atom Z3560  1.83GHz,690
Intel Atom Z3580  1.33GHz,802
Intel Atom Z3735D  1.33GHz,704
Intel Atom Z3735E  1.33GHz,557
Intel Atom Z3735F  1.33GHz,543
Intel Atom Z3735G  1.33GHz,772
Intel Atom Z3736F  1.33GHz,496
Intel Atom Z3740  1.33GHz,638
Intel Atom Z3740D  1.33GHz,618
Intel Atom Z3745  1.33GHz,621
Intel Atom Z3745D  1.33GHz,599
Intel Atom Z3770  1.46GHz,728
Intel Atom Z3770D  1.49GHz,488
Intel Atom Z3775  1.46GHz,702
Intel Atom Z3775D  1.49GHz,794
Intel Atom Z3795  1.60GHz,"1,196"
Intel Atom Z520  1.33GHz,122
Intel Atom Z530  1.60GHz,183
Intel Atom Z670  1.50GHz,158
Intel CC150  3.50GHz,"14,326"
Intel Celeron 1.70GHz,101
Intel Celeron 1.80GHz,96
Intel Celeron 1000M  1.80GHz,"1,071"
Intel Celeron 1000MHz,139
Intel Celeron 1005M  1.90GHz,"1,116"
Intel Celeron 1007U  1.50GHz,848
Intel Celeron 1017U  1.60GHz,878
Intel Celeron 1019Y  1.00GHz,576
Intel Celeron 1020E  2.20GHz,"1,406"
Intel Celeron 1020M  2.10GHz,"1,275"
Intel Celeron 1037U  1.80GHz,"1,034"
Intel Celeron 1047UE  1.40GHz,748
Intel Celeron 1100MHz,113
Intel Celeron 1200MHz,159
Intel Celeron 2.00GHz,125
Intel Celeron 2.13GHz,166
Intel Celeron 2.20GHz,139
Intel Celeron 2.26GHz,182
Intel Celeron 2.30GHz,148
Intel Celeron 2.40GHz,143
Intel Celeron 2.50GHz,164
Intel Celeron 2.53GHz,222
Intel Celeron 2.60GHz,143
Intel Celeron 2.66GHz,131
Intel Celeron 2.70GHz,159
Intel Celeron 2.80GHz,190
Intel Celeron 2.93GHz,230
Intel Celeron 2000E  2.20GHz,"1,607"
Intel Celeron 2002E  1.50GHz,"1,091"
Intel Celeron 215  1.33GHz,174
Intel Celeron 220  1.20GHz,209
Intel Celeron 2950M  2.00GHz,"1,238"
Intel Celeron 2955U  1.40GHz,910
Intel Celeron 2957U  1.40GHz,850
Intel Celeron 2961Y  1.10GHz,684
Intel Celeron 2970M  2.20GHz,"1,501"
Intel Celeron 2980U  1.60GHz,"1,092"
Intel Celeron 2981U  1.60GHz,"1,036"
Intel Celeron 3.06GHz,307
Intel Celeron 3.20GHz,267
Intel Celeron 3.33GHz,263
Intel Celeron 3205U  1.50GHz,961
Intel Celeron 3215U  1.70GHz,"1,102"
Intel Celeron 3755U  1.70GHz,"1,182"
Intel Celeron 3765U  1.90GHz,"1,252"
Intel Celeron 3855U  1.60GHz,"1,215"
Intel Celeron 3865U  1.80GHz,"1,343"
Intel Celeron 3867U  1.80GHz,"1,441"
Intel Celeron 3955U  2.00GHz,"1,443"
Intel Celeron 3965U  2.20GHz,"1,753"
Intel Celeron 3965Y  1.50GHz,"1,201"
Intel Celeron 420  1.60GHz,231
Intel Celeron 4205U  1.80GHz,"1,350"
Intel Celeron 430  1.80GHz,305
Intel Celeron 4305U  2.20GHz,"1,562"
Intel Celeron 4305UE  2.00GHz,"1,699"
Intel Celeron 440  2.00GHz,368
Intel Celeron 450  2.20GHz,433
Intel Celeron 5205U  1.90GHz,"1,438"
Intel Celeron 530  1.73GHz,268
Intel Celeron 5305U  2.30GHz,"1,307"
Intel Celeron 540  1.86GHz,305
Intel Celeron 550  2.00GHz,334
Intel Celeron 560  2.13GHz,339
Intel Celeron 570  2.26GHz,344
Intel Celeron 6305  1.80GHz,"2,070"
Intel Celeron 6305E  1.80GHz,"2,021"
Intel Celeron 6600HE  2.60GHz,"3,286"
Intel Celeron 723  1.20GHz,213
Intel Celeron 7305,"2,509"
Intel Celeron 7305E,"2,451"
Intel Celeron 743  1.30GHz,275
Intel Celeron 807  1.50GHz,392
Intel Celeron 807UE  1.00GHz,241
Intel Celeron 827E  1.40GHz,371
Intel Celeron 847  1.10GHz,506
Intel Celeron 847E  1.10GHz,584
Intel Celeron 857  1.20GHz,569
Intel Celeron 867  1.30GHz,588
Intel Celeron 877  1.40GHz,700
Intel Celeron 887  1.50GHz,764
Intel Celeron 900  2.20GHz,409
Intel Celeron 925  2.30GHz,450
Intel Celeron  1.30GHz,572
Intel Celeron B710  1.60GHz,106
Intel Celeron B800  1.50GHz,686
Intel Celeron B810  1.60GHz,775
Intel Celeron B815  1.60GHz,753
Intel Celeron B820  1.70GHz,815
Intel Celeron B830  1.80GHz,873
Intel Celeron B840  1.90GHz,975
Intel Celeron D 347  3.06GHz,232
Intel Celeron D 352  3.20GHz,274
Intel Celeron D 356  3.33GHz,251
Intel Celeron D 360  3.46GHz,372
Intel Celeron D 420  1.60GHz,313
Intel Celeron E1200  1.60GHz,516
Intel Celeron E1400  2.00GHz,735
Intel Celeron E1500  2.20GHz,626
Intel Celeron E1600  2.40GHz,840
Intel Celeron E3200  2.40GHz,900
Intel Celeron E3300  2.50GHz,846
Intel Celeron E3400  2.60GHz,898
Intel Celeron E3500  2.70GHz,935
Intel Celeron G1101  2.27GHz,"1,086"
Intel Celeron G1610  2.60GHz,"1,554"
Intel Celeron G1610T  2.30GHz,"1,333"
Intel Celeron G1620  2.70GHz,"1,586"
Intel Celeron G1620T  2.40GHz,"1,532"
Intel Celeron G1630  2.80GHz,"1,707"
Intel Celeron G1820  2.70GHz,"1,713"
Intel Celeron G1820T  2.40GHz,"1,599"
Intel Celeron G1820TE  2.20GHz,"1,020"
Intel Celeron G1830  2.80GHz,"1,560"
Intel Celeron G1840  2.80GHz,"1,781"
Intel Celeron G1840T  2.50GHz,"1,576"
Intel Celeron G1850  2.90GHz,"1,907"
Intel Celeron G3900  2.80GHz,"2,153"
Intel Celeron G3900E  2.40GHz,"2,034"
Intel Celeron G3900T  2.60GHz,"1,910"
Intel Celeron G3900TE  2.30GHz,"1,850"
Intel Celeron G3920  2.90GHz,"2,358"
Intel Celeron G3930  2.90GHz,"2,257"
Intel Celeron G3930T  2.70GHz,"2,023"
Intel Celeron G3930TE  2.70GHz,"2,218"
Intel Celeron G3950  3.00GHz,"2,336"
Intel Celeron G440  1.60GHz,420
Intel Celeron G460  1.80GHz,490
Intel Celeron G465  1.90GHz,559
Intel Celeron G470  2.00GHz,577
Intel Celeron G4900  3.10GHz,"2,370"
Intel Celeron G4900T  2.90GHz,"2,236"
Intel Celeron G4920  3.20GHz,"2,555"
Intel Celeron G4930  3.20GHz,"2,551"
Intel Celeron G4930T  3.00GHz,"2,287"
Intel Celeron G4950  3.30GHz,"2,714"
Intel Celeron G530  2.40GHz,"1,148"
Intel Celeron G530T  2.00GHz,"1,056"
Intel Celeron G540  2.50GHz,"1,169"
Intel Celeron G540T  2.10GHz,"1,137"
Intel Celeron G550  2.60GHz,"1,275"
Intel Celeron G550T  2.20GHz,"1,074"
Intel Celeron G555  2.70GHz,"1,427"
Intel Celeron G5900  3.40GHz,"2,682"
Intel Celeron G5900E  3.20GHz,"1,809"
Intel Celeron G5900T  3.20GHz,"2,192"
Intel Celeron G5905  3.50GHz,"2,753"
Intel Celeron G5905T  3.30GHz,"2,304"
Intel Celeron G5920  3.50GHz,"2,577"
Intel Celeron G5925  3.60GHz,"2,808"
Intel Celeron G6900,"4,456"
Intel Celeron G6900E,"4,272"
Intel Celeron G6900T,"3,668"
Intel Celeron G6900TE,"2,782"
Intel Celeron J1750  2.41GHz,538
Intel Celeron J1800  2.41GHz,574
Intel Celeron J1850  1.99GHz,942
Intel Celeron J1900  1.99GHz,"1,151"
Intel Celeron J3060  1.60GHz,672
Intel Celeron J3160  1.60GHz,"1,262"
Intel Celeron J3355  2.00GHz,"1,203"
Intel Celeron J3455  1.50GHz,"2,246"
Intel Celeron J3455E  1.50GHz,"2,193"
Intel Celeron J4005  2.00GHz,"1,543"
Intel Celeron J4025  2.00GHz,"1,455"
Intel Celeron J4105  1.50GHz,"2,820"
Intel Celeron J4115  1.80GHz,"2,688"
Intel Celeron J4125  2.00GHz,"2,936"
Intel Celeron J6412  2.00GHz,"3,839"
Intel Celeron J6413  1.80GHz,"4,164"
Intel Celeron M 1.00GHz,149
Intel Celeron M 1.30GHz,205
Intel Celeron M 1.50GHz,192
Intel Celeron M 1.60GHz,190
Intel Celeron M 1.70GHz,252
Intel Celeron M 1300MHz,197
Intel Celeron M 1500MHz,217
Intel Celeron M 360 1.40GHz,221
Intel Celeron M 410  1.46GHz,123
Intel Celeron M 420  1.60GHz,139
Intel Celeron M 430  1.73GHz,169
Intel Celeron M 440  1.86GHz,169
Intel Celeron M 443  1.20GHz,125
Intel Celeron M 450  2.00GHz,230
Intel Celeron M 520  1.60GHz,239
Intel Celeron M 530  1.73GHz,320
Intel Celeron M 723  1.20GHz,267
Intel Celeron M 900MHz,123
Intel Celeron N2805  1.46GHz,335
Intel Celeron N2806  1.60GHz,486
Intel Celeron N2807  1.58GHz,492
Intel Celeron N2808  1.58GHz,499
Intel Celeron N2810  2.00GHz,396
Intel Celeron N2815  1.86GHz,495
Intel Celeron N2820  2.13GHz,503
Intel Celeron N2830  2.16GHz,547
Intel Celeron N2840  2.16GHz,582
Intel Celeron N2910  1.60GHz,788
Intel Celeron N2920  1.86GHz,952
Intel Celeron N2930  1.83GHz,"1,032"
Intel Celeron N2940  1.83GHz,"1,054"
Intel Celeron N3000  1.04GHz,646
Intel Celeron N3010  1.04GHz,611
Intel Celeron N3050  1.60GHz,593
Intel Celeron N3060  1.60GHz,655
Intel Celeron N3150  1.60GHz,"1,175"
Intel Celeron N3160  1.60GHz,"1,201"
Intel Celeron N3350  1.10GHz,"1,112"
Intel Celeron N3450  1.10GHz,"1,985"
Intel Celeron N4000  1.10GHz,"1,432"
Intel Celeron N4000C  1.10GHz,"1,430"
Intel Celeron N4020  1.10GHz,"1,535"
Intel Celeron N4020C  1.10GHz,"1,537"
Intel Celeron N4100  1.10GHz,"2,453"
Intel Celeron N4120  1.10GHz,"2,462"
Intel Celeron N4500  1.10GHz,"1,821"
Intel Celeron N4505  2.00GHz,"2,037"
Intel Celeron N5095  2.00GHz,"4,010"
Intel Celeron N5095A  2.00GHz,"4,052"
Intel Celeron N5100  1.10GHz,"3,298"
Intel Celeron N5105  2.00GHz,"4,004"
Intel Celeron N6210  1.20GHz,"1,944"
Intel Celeron N6211  1.20GHz,"2,245"
Intel Celeron P4500  1.87GHz,848
Intel Celeron P4505  1.87GHz,689
Intel Celeron P4600  2.00GHz,877
Intel Celeron SU2300  1.20GHz,458
Intel Celeron T1600  1.66GHz,562
Intel Celeron U1900  1.99GHz,"1,028"
Intel Celeron U3400  1.07GHz,516
Intel Celeron U3600  1.20GHz,539
Intel Core 3 100HL,"17,586"
Intel Core 3 100U,"13,399"
Intel Core 3 201E,"14,931"
Intel Core 3 N350,"7,613"
Intel Core 3 N355,"10,534"
Intel Core 5 120U,"16,327"
Intel Core 5 120UL,"10,558"
Intel Core 5 210H,"18,645"
Intel Core 5 211EF,"23,988"
Intel Core 5 220H,"21,871"
Intel Core 5 220U,"14,293"
Intel Core 5 221E,"32,646"
Intel Core 7 150U,"14,985"
Intel Core 7 160UL,"11,043"
Intel Core 7 240H,"24,543"
Intel Core 7 250H,"25,655"
Intel Core 7 250U,"15,093"
Intel Core 7 251TE,"30,020"
Intel Core 860  2.80GHz,"2,754"
Intel Core 9 270H,"29,710"
Intel Core Duo L2300  1.50GHz,387
Intel Core Duo L2400  1.66GHz,348
Intel Core Duo L2500  1.83GHz,404
Intel Core Duo T2050  1.60GHz,333
Intel Core Duo T2250  1.73GHz,350
Intel Core Duo T2300  1.66GHz,325
Intel Core Duo T2350  1.86GHz,385
Intel Core Duo T2400  1.83GHz,365
Intel Core Duo T2450  2.00GHz,411
Intel Core Duo T2500  2.00GHz,408
Intel Core Duo T2600  2.16GHz,460
Intel Core Duo T2700  2.33GHz,498
Intel Core Duo U2400  1.06GHz,255
Intel Core Duo U2500  1.20GHz,223
Intel Core i3 1000NG4  1.10GHz,"3,526"
Intel Core i3 1005G1  1.20GHz,"4,833"
Intel Core i3 10100  3.60GHz,"8,527"
Intel Core i3 10100E  3.20GHz,"7,884"
Intel Core i3 10100F  3.60GHz,"8,710"
Intel Core i3 10100T  3.00GHz,"7,288"
Intel Core i3 10100TE  2.30GHz,"6,371"
Intel Core i3 10100Y  1.30GHz,"2,918"
Intel Core i3 10105  3.70GHz,"8,237"
Intel Core i3 10105F  3.70GHz,"8,913"
Intel Core i3 10105T  3.00GHz,"7,815"
Intel Core i3 10110U  2.10GHz,"3,842"
Intel Core i3 10110Y  1.00GHz,"3,171"
Intel Core i3 1025G1  1.20GHz,"6,122"
Intel Core i3 10300  3.70GHz,"9,290"
Intel Core i3 10300T  3.00GHz,"7,879"
Intel Core i3 10305  3.80GHz,"9,210"
Intel Core i3 10305T  3.00GHz,"8,512"
Intel Core i3 10320  3.80GHz,"9,974"
Intel Core i3 10325  3.90GHz,"10,291"
Intel Core i3 11100B  3.60GHz,"11,357"
Intel Core i3 11100HE  2.40GHz,"11,781"
Intel Core i3 1110G4  1.80GHz,"4,160"
Intel Core i3 1115G4  3.00GHz,"5,863"
Intel Core i3 1115G4E  3.00GHz,"5,231"
Intel Core i3 1115GRE  3.00GHz,"4,588"
Intel Core i3 1125G4  2.00GHz,"9,289"
Intel Core i3 12100,"12,295"
Intel Core i3 12100E,"13,535"
Intel Core i3 12100F,"13,978"
Intel Core i3 12100T,"12,489"
Intel Core i3 12100TE,"10,432"
Intel Core i3 1210U,"9,438"
Intel Core i3 1215U,"10,288"
Intel Core i3 1215UE,"8,331"
Intel Core i3 1215UL,"7,817"
Intel Core i3 1220P,"14,517"
Intel Core i3 1220PE,"16,146"
Intel Core i3 12300,"14,384"
Intel Core i3 12300HL,"20,321"
Intel Core i3 12300T,"13,162"
Intel Core i3 1305U,"8,666"
Intel Core i3 13100,"14,067"
Intel Core i3 13100E,"13,727"
Intel Core i3 13100F,"14,649"
Intel Core i3 13100T,"12,800"
Intel Core i3 13100TE,"11,248"
Intel Core i3 1315U,"11,281"
Intel Core i3 1315UE,"8,985"
Intel Core i3 1320PE,"12,116"
Intel Core i3 1320PRE,"17,759"
Intel Core i3 14100,"15,214"
Intel Core i3 14100F,"15,363"
Intel Core i3 14100T,"13,579"
Intel Core i3 2100  3.10GHz,"1,856"
Intel Core i3 2100T  2.50GHz,"1,531"
Intel Core i3 2102  3.10GHz,"2,029"
Intel Core i3 2105  3.10GHz,"1,837"
Intel Core i3 21050  3.10GHz,"2,193"
Intel Core i3 2120  3.30GHz,"1,976"
Intel Core i3 2120T  2.60GHz,"1,570"
Intel Core i3 2125  3.30GHz,"2,082"
Intel Core i3 2130  3.40GHz,"2,063"
Intel Core i3 2140  3.50GHz,"2,307"
Intel Core i3 2310E  2.10GHz,"1,845"
Intel Core i3 2310M  2.10GHz,"1,221"
Intel Core i3 2312M  2.10GHz,"1,189"
Intel Core i3 2328M  2.20GHz,"1,243"
Intel Core i3 2330E  2.20GHz,"1,823"
Intel Core i3 2330M  2.20GHz,"1,249"
Intel Core i3 2332M  2.20GHz,"1,353"
Intel Core i3 2340UE  1.30GHz,976
Intel Core i3 2348M  2.30GHz,"1,286"
Intel Core i3 2350M  2.30GHz,"1,273"
Intel Core i3 2357M  1.30GHz,788
Intel Core i3 2365M  1.40GHz,822
Intel Core i3 2367M  1.40GHz,859
Intel Core i3 2370M  2.40GHz,"1,370"
Intel Core i3 2375M  1.50GHz,895
Intel Core i3 2377M  1.50GHz,874
Intel Core i3 3110M  2.40GHz,"1,654"
Intel Core i3 3120M  2.50GHz,"1,707"
Intel Core i3 3130M  2.60GHz,"1,906"
Intel Core i3 3210  3.20GHz,"2,229"
Intel Core i3 3217U  1.80GHz,"1,226"
Intel Core i3 3217UE  1.60GHz,"1,362"
Intel Core i3 3220  3.30GHz,"2,277"
Intel Core i3 3220T  2.80GHz,"1,951"
Intel Core i3 3225  3.30GHz,"2,270"
Intel Core i3 3227U  1.90GHz,"1,298"
Intel Core i3 3229Y  1.40GHz,"1,014"
Intel Core i3 3240  3.40GHz,"2,351"
Intel Core i3 3240T  2.90GHz,"2,075"
Intel Core i3 3245  3.40GHz,"2,412"
Intel Core i3 3250  3.50GHz,"2,460"
Intel Core i3 3250T  3.00GHz,"2,650"
Intel Core i3 330E  2.13GHz,"1,260"
Intel Core i3 330M  2.13GHz,"1,032"
Intel Core i3 330UM  1.20GHz,543
Intel Core i3 350M  2.27GHz,"1,087"
Intel Core i3 370M  2.40GHz,"1,170"
Intel Core i3 380M  2.53GHz,"1,211"
Intel Core i3 380UM  1.33GHz,748
Intel Core i3 390M  2.67GHz,"1,292"
Intel Core i3 4000M  2.40GHz,"1,797"
Intel Core i3 4005U  1.70GHz,"1,651"
Intel Core i3 4010U  1.70GHz,"1,663"
Intel Core i3 4010Y  1.30GHz,"1,358"
Intel Core i3 4012Y  1.50GHz,"1,278"
Intel Core i3 4020Y  1.50GHz,"1,448"
Intel Core i3 4025U  1.90GHz,"1,949"
Intel Core i3 4030U  1.90GHz,"1,875"
Intel Core i3 4030Y  1.60GHz,"1,654"
Intel Core i3 4100E  2.40GHz,"1,848"
Intel Core i3 4100M  2.50GHz,"2,531"
Intel Core i3 4110M  2.60GHz,"2,678"
Intel Core i3 4110U  1.90GHz,"1,860"
Intel Core i3 4120U  2.00GHz,"1,948"
Intel Core i3 4130  3.40GHz,"3,332"
Intel Core i3 4130T  2.90GHz,"2,880"
Intel Core i3 4150  3.50GHz,"3,408"
Intel Core i3 4150T  3.00GHz,"2,890"
Intel Core i3 4158U  2.00GHz,"1,921"
Intel Core i3 4160  3.60GHz,"3,507"
Intel Core i3 4160T  3.10GHz,"3,085"
Intel Core i3 4170  3.70GHz,"3,575"
Intel Core i3 4170T  3.20GHz,"3,138"
Intel Core i3 4330  3.50GHz,"3,487"
Intel Core i3 4330T  3.00GHz,"3,105"
Intel Core i3 4330TE  2.40GHz,"2,022"
Intel Core i3 4340  3.60GHz,"3,490"
Intel Core i3 4350  3.60GHz,"3,611"
Intel Core i3 4350T  3.10GHz,"3,142"
Intel Core i3 4360  3.70GHz,"3,642"
Intel Core i3 4360T  3.20GHz,"3,294"
Intel Core i3 4370  3.80GHz,"3,854"
Intel Core i3 4370T  3.30GHz,"3,361"
Intel Core i3 4570T  2.90GHz,"3,244"
Intel Core i3 5005U  2.00GHz,"2,011"
Intel Core i3 5010U  2.10GHz,"2,156"
Intel Core i3 5015U  2.10GHz,"1,977"
Intel Core i3 5020U  2.20GHz,"2,229"
Intel Core i3 5157U  2.50GHz,"2,593"
Intel Core i3 530  2.93GHz,"1,514"
Intel Core i3 540  3.07GHz,"1,551"
Intel Core i3 550  3.20GHz,"1,631"
Intel Core i3 560  3.33GHz,"1,642"
Intel Core i3 6006U  2.00GHz,"2,274"
Intel Core i3 6098P  3.60GHz,"3,978"
Intel Core i3 6100  3.70GHz,"4,103"
Intel Core i3 6100E  2.70GHz,"3,315"
Intel Core i3 6100H  2.70GHz,"3,003"
Intel Core i3 6100T  3.20GHz,"3,638"
Intel Core i3 6100TE  2.70GHz,"3,152"
Intel Core i3 6100U  2.30GHz,"2,630"
Intel Core i3 6102E  1.90GHz,"2,349"
Intel Core i3 6157U  2.40GHz,"2,780"
Intel Core i3 6167U  2.70GHz,"3,128"
Intel Core i3 6300  3.80GHz,"4,343"
Intel Core i3 6300T  3.30GHz,"3,985"
Intel Core i3 6320  3.90GHz,"4,411"
Intel Core i3 7020U  2.30GHz,"2,566"
Intel Core i3 7100  3.90GHz,"4,308"
Intel Core i3 7100H  3.00GHz,"3,450"
Intel Core i3 7100T  3.40GHz,"3,762"
Intel Core i3 7100U  2.40GHz,"2,720"
Intel Core i3 7101E  3.90GHz,"4,430"
Intel Core i3 7101TE  3.40GHz,"3,956"
Intel Core i3 7102E  2.10GHz,"2,599"
Intel Core i3 7130U  2.70GHz,"3,040"
Intel Core i3 7167U  2.80GHz,"3,368"
Intel Core i3 7300  4.00GHz,"4,519"
Intel Core i3 7300T  3.50GHz,"4,145"
Intel Core i3 7320  4.10GHz,"4,831"
Intel Core i3 7350K  4.20GHz,"4,886"
Intel Core i3 8100  3.60GHz,"6,074"
Intel Core i3 8100B  3.60GHz,"5,931"
Intel Core i3 8100H  3.00GHz,"4,435"
Intel Core i3 8100T  3.10GHz,"5,256"
Intel Core i3 8109U  3.00GHz,"4,180"
Intel Core i3 8121U  2.20GHz,"4,271"
Intel Core i3 8130U  2.20GHz,"3,523"
Intel Core i3 8140U  2.10GHz,"4,227"
Intel Core i3 8145U  2.10GHz,"3,783"
Intel Core i3 8145UE  2.20GHz,"4,021"
Intel Core i3 8300  3.70GHz,"6,362"
Intel Core i3 8300T  3.20GHz,"5,407"
Intel Core i3 8350K  4.00GHz,"6,917"
Intel Core i3 9100  3.60GHz,"6,587"
Intel Core i3 9100E  3.10GHz,"6,539"
Intel Core i3 9100F  3.60GHz,"6,703"
Intel Core i3 9100HL  1.60GHz,"3,024"
Intel Core i3 9100T  3.10GHz,"5,606"
Intel Core i3 9100TE  2.20GHz,"4,589"
Intel Core i3 9300  3.70GHz,"7,105"
Intel Core i3 9300T  3.20GHz,"6,323"
Intel Core i3 9320  3.70GHz,"7,358"
Intel Core i3 9350K  4.00GHz,"7,596"
Intel Core i3 9350KF  4.00GHz,"7,591"
Intel Core i3 N300,"8,328"
Intel Core i3 N305,"9,592"
Intel Core i5 750S  2.40GHz,"1,326"
Intel Core i5 E 520  2.40GHz,"1,619"
Intel Core i5 10200H  2.40GHz,"8,038"
Intel Core i5 10210U  1.60GHz,"6,077"
Intel Core i5 10210Y  1.00GHz,"4,135"
Intel Core i5 10300H  2.50GHz,"8,214"
Intel Core i5 1030NG7  1.10GHz,"5,614"
Intel Core i5 10310U  1.70GHz,"5,860"
Intel Core i5 1035G1  1.00GHz,"7,174"
Intel Core i5 1035G4  1.10GHz,"7,666"
Intel Core i5 1035G7  1.20GHz,"8,007"
Intel Core i5 1038NG7  2.00GHz,"8,849"
Intel Core i5 10400  2.90GHz,"11,993"
Intel Core i5 10400F  2.90GHz,"12,106"
Intel Core i5 10400H  2.60GHz,"8,215"
Intel Core i5 10400T  2.00GHz,"9,778"
Intel Core i5 10500  3.10GHz,"13,082"
Intel Core i5 10500E  3.10GHz,"11,368"
Intel Core i5 10500H  2.50GHz,"10,982"
Intel Core i5 10500T  2.30GHz,"10,134"
Intel Core i5 10500TE  2.30GHz,"8,864"
Intel Core i5 10505  3.20GHz,"12,010"
Intel Core i5 10600  3.30GHz,"13,640"
Intel Core i5 10600K  4.10GHz,"14,252"
Intel Core i5 10600KF  4.10GHz,"14,144"
Intel Core i5 10600T  2.40GHz,"11,508"
Intel Core i5 11260H  2.60GHz,"15,446"
Intel Core i5 11300H  3.10GHz,"10,789"
Intel Core i5 1130G7  1.10GHz,"8,261"
Intel Core i5 11320H  3.20GHz,"10,876"
Intel Core i5 1135G7  2.40GHz,"9,417"
Intel Core i5 11400  2.60GHz,"16,663"
Intel Core i5 11400F  2.60GHz,"16,891"
Intel Core i5 11400H  2.70GHz,"15,277"
Intel Core i5 11400T  1.30GHz,"13,035"
Intel Core i5 1140G7  1.10GHz,"8,471"
Intel Core i5 1145G7  2.60GHz,"9,264"
Intel Core i5 1145G7E  2.60GHz,"8,782"
Intel Core i5 1145GRE  2.60GHz,"8,207"
Intel Core i5 11500  2.70GHz,"17,103"
Intel Core i5 11500B  3.30GHz,"17,075"
Intel Core i5 11500H  2.90GHz,"15,725"
Intel Core i5 11500T  1.50GHz,"12,658"
Intel Core i5 1155G7  2.50GHz,"9,674"
Intel Core i5 11600  2.80GHz,"17,915"
Intel Core i5 11600K  3.90GHz,"19,522"
Intel Core i5 11600KF  3.90GHz,"19,477"
Intel Core i5 11600T  1.70GHz,"14,447"
Intel Core i5 1230U,"11,084"
Intel Core i5 1235U,"12,762"
Intel Core i5 12400,"18,790"
Intel Core i5 12400F,"19,515"
Intel Core i5 12400T,"15,519"
Intel Core i5 1240P,"16,269"
Intel Core i5 1240U,"13,242"
Intel Core i5 12450H,"16,137"
Intel Core i5 12450HX,"18,102"
Intel Core i5 1245U,"12,997"
Intel Core i5 1245UE,"9,473"
Intel Core i5 1245UL,"15,357"
Intel Core i5 12490F,"20,409"
Intel Core i5 12500,"19,751"
Intel Core i5 12500E,"20,411"
Intel Core i5 12500H,"20,468"
Intel Core i5 12500HL,"23,366"
Intel Core i5 12500T,"16,356"
Intel Core i5 12500TE,"14,942"
Intel Core i5 1250P,"19,227"
Intel Core i5 1250PE,"18,365"
Intel Core i5 12600,"21,382"
Intel Core i5 12600H,"20,931"
Intel Core i5 12600HE,"22,827"
Intel Core i5 12600HL,"23,615"
Intel Core i5 12600HX,"24,410"
Intel Core i5 12600K,"27,588"
Intel Core i5 12600KF,"27,593"
Intel Core i5 12600T,"17,427"
Intel Core i5 1334U,"13,248"
Intel Core i5 1335U,"14,117"
Intel Core i5 1335UE,"10,863"
Intel Core i5 13400,"23,729"
Intel Core i5 13400E,"27,000"
Intel Core i5 13400EF,"26,796"
Intel Core i5 13400F,"25,040"
Intel Core i5 13400T,"20,447"
Intel Core i5 1340P,"18,637"
Intel Core i5 1340PE,"18,490"
Intel Core i5 13420H,"17,244"
Intel Core i5 13450HX,"24,934"
Intel Core i5 1345U,"14,223"
Intel Core i5 1345UE,"10,445"
Intel Core i5 1345URE,"11,494"
Intel Core i5 13490F,"26,605"
Intel Core i5 13500,"31,168"
Intel Core i5 13500E,"23,764"
Intel Core i5 13500H,"21,078"
Intel Core i5 13500HX,"27,847"
Intel Core i5 13500T,"22,643"
Intel Core i5 13500TE,"21,936"
Intel Core i5 1350P,"18,812"
Intel Core i5 13600,"31,562"
Intel Core i5 13600H,"23,415"
Intel Core i5 13600HE,"23,483"
Intel Core i5 13600HRE,"14,591"
Intel Core i5 13600HX,"27,612"
Intel Core i5 13600K,"37,664"
Intel Core i5 13600KF,"37,464"
Intel Core i5 13600T,"28,197"
Intel Core i5 14400,"25,346"
Intel Core i5 14400F,"25,685"
Intel Core i5 14400T,"21,026"
Intel Core i5 14450HX,"23,092"
Intel Core i5 14490F,"27,621"
Intel Core i5 14500,"31,294"
Intel Core i5 14500HX,"28,494"
Intel Core i5 14500T,"22,912"
Intel Core i5 14600,"32,319"
Intel Core i5 14600K,"38,592"
Intel Core i5 14600KF,"38,668"
Intel Core i5 14600T,"27,238"
Intel Core i5 2300  2.80GHz,"3,475"
Intel Core i5 2310  2.90GHz,"3,664"
Intel Core i5 2320  3.00GHz,"3,690"
Intel Core i5 2380P  3.10GHz,"3,636"
Intel Core i5 2390T  2.70GHz,"2,491"
Intel Core i5 2400  3.10GHz,"3,872"
Intel Core i5 2400S  2.50GHz,"3,185"
Intel Core i5 24050S  2.50GHz,"3,061"
Intel Core i5 2405S  2.50GHz,"3,397"
Intel Core i5 2410M  2.30GHz,"1,953"
Intel Core i5 2415M  2.30GHz,"1,929"
Intel Core i5 2430M  2.40GHz,"2,014"
Intel Core i5 2435M  2.40GHz,"2,035"
Intel Core i5 2450M  2.50GHz,"2,080"
Intel Core i5 2450P  3.20GHz,"4,273"
Intel Core i5 2467M  1.60GHz,"1,411"
Intel Core i5 2500  3.30GHz,"4,102"
Intel Core i5 2500K  3.30GHz,"4,141"
Intel Core i5 2500S  2.70GHz,"3,370"
Intel Core i5 2500T  2.30GHz,"2,929"
Intel Core i5 2510E  2.50GHz,"1,884"
Intel Core i5 2515E  2.50GHz,"1,882"
Intel Core i5 2520M  2.50GHz,"2,243"
Intel Core i5 2537M  1.40GHz,"1,144"
Intel Core i5 2540M  2.60GHz,"2,355"
Intel Core i5 2550K  3.40GHz,"4,228"
Intel Core i5 2557M  1.70GHz,"1,618"
Intel Core i5 2560M  2.70GHz,"2,397"
Intel Core i5 3170K  3.20GHz,"8,882"
Intel Core i5 3210M  2.50GHz,"2,469"
Intel Core i5 3230M  2.60GHz,"2,564"
Intel Core i5 3317U  1.70GHz,"2,013"
Intel Core i5 3320M  2.60GHz,"2,659"
Intel Core i5 3330  3.00GHz,"4,098"
Intel Core i5 3330S  2.70GHz,"3,917"
Intel Core i5 3335S  2.70GHz,"3,672"
Intel Core i5 3337U  1.80GHz,"2,092"
Intel Core i5 3339Y  1.50GHz,"1,589"
Intel Core i5 3340  3.10GHz,"4,240"
Intel Core i5 3340M  2.70GHz,"2,695"
Intel Core i5 3340S  2.80GHz,"3,954"
Intel Core i5 3350P  3.10GHz,"4,310"
Intel Core i5 3360M  2.80GHz,"2,891"
Intel Core i5 3380M  2.90GHz,"2,938"
Intel Core i5 3427U  1.80GHz,"2,249"
Intel Core i5 3437U  1.90GHz,"2,162"
Intel Core i5 3439Y  1.50GHz,"1,957"
Intel Core i5 3450  3.10GHz,"4,513"
Intel Core i5 3450S  2.80GHz,"4,399"
Intel Core i5 3470  3.20GHz,"4,666"
Intel Core i5 3470S  2.90GHz,"4,380"
Intel Core i5 3470T  2.90GHz,"2,998"
Intel Core i5 3475S  2.90GHz,"4,315"
Intel Core i5 3550  3.30GHz,"4,778"
Intel Core i5 3550S  3.00GHz,"4,442"
Intel Core i5 3570  3.40GHz,"4,935"
Intel Core i5 3570K  3.40GHz,"4,971"
Intel Core i5 3570S  3.10GHz,"4,685"
Intel Core i5 3570T  2.30GHz,"3,875"
Intel Core i5 3610ME  2.70GHz,"2,652"
Intel Core i5 4200H  2.80GHz,"3,029"
Intel Core i5 4200M  2.50GHz,"2,811"
Intel Core i5 4200U  1.60GHz,"2,181"
Intel Core i5 4200Y  1.40GHz,"1,558"
Intel Core i5 4202Y  1.60GHz,"1,552"
Intel Core i5 4210H  2.90GHz,"3,082"
Intel Core i5 4210M  2.60GHz,"2,903"
Intel Core i5 4210U  1.70GHz,"2,315"
Intel Core i5 4210Y  1.50GHz,"1,530"
Intel Core i5 4220Y  1.60GHz,"1,652"
Intel Core i5 4230U  1.90GHz,"1,853"
Intel Core i5 4250U  1.30GHz,"2,145"
Intel Core i5 4258U  2.40GHz,"2,612"
Intel Core i5 4260U  1.40GHz,"2,311"
Intel Core i5 4278U  2.60GHz,"2,828"
Intel Core i5 4288U  2.60GHz,"2,659"
Intel Core i5 4300M  2.60GHz,"2,961"
Intel Core i5 4300U  1.90GHz,"2,482"
Intel Core i5 4300Y  1.60GHz,"1,499"
Intel Core i5 4302Y  1.60GHz,"1,580"
Intel Core i5 4308U  2.80GHz,"2,988"
Intel Core i5 430M  2.27GHz,"1,209"
Intel Core i5 430UM  1.20GHz,627
Intel Core i5 4310M  2.70GHz,"3,071"
Intel Core i5 4310U  2.00GHz,"2,522"
Intel Core i5 4330M  2.80GHz,"3,190"
Intel Core i5 4340M  2.90GHz,"3,380"
Intel Core i5 4350U  1.40GHz,"2,425"
Intel Core i5 4400E  2.70GHz,"3,251"
Intel Core i5 4402E  1.60GHz,"2,681"
Intel Core i5 4422E  1.80GHz,"1,907"
Intel Core i5 4430  3.00GHz,"4,651"
Intel Core i5 4430S  2.70GHz,"4,375"
Intel Core i5 4440  3.10GHz,"4,791"
Intel Core i5 4440S  2.80GHz,"4,370"
Intel Core i5 4460  3.20GHz,"4,916"
Intel Core i5 4460S  2.90GHz,"4,643"
Intel Core i5 4460T  1.90GHz,"3,651"
Intel Core i5 4470  3.30GHz,"4,491"
Intel Core i5 4470S  3.00GHz,"4,742"
Intel Core i5 450M  2.40GHz,"1,264"
Intel Core i5 4570  3.20GHz,"5,239"
Intel Core i5 4570R  2.70GHz,"4,570"
Intel Core i5 4570S  2.90GHz,"5,014"
Intel Core i5 4570T  2.90GHz,"3,222"
Intel Core i5 4570TE  2.70GHz,"3,085"
Intel Core i5 4590  3.30GHz,"5,375"
Intel Core i5 4590S  3.00GHz,"5,131"
Intel Core i5 4590T  2.00GHz,"4,068"
Intel Core i5 460M  2.53GHz,"1,320"
Intel Core i5 4670  3.40GHz,"5,492"
Intel Core i5 4670K  3.40GHz,"5,578"
Intel Core i5 4670K CPT  3.40GHz,"5,034"
Intel Core i5 4670R  3.00GHz,"5,233"
Intel Core i5 4670S  3.10GHz,"5,248"
Intel Core i5 4670T  2.30GHz,"4,488"
Intel Core i5 4690  3.50GHz,"5,586"
Intel Core i5 4690K  3.50GHz,"5,696"
Intel Core i5 4690S  3.20GHz,"5,476"
Intel Core i5 4690T  2.50GHz,"4,620"
Intel Core i5 470UM  1.33GHz,782
Intel Core i5 480M  2.67GHz,"1,326"
Intel Core i5 5200U  2.20GHz,"2,503"
Intel Core i5 520M  2.40GHz,"1,729"
Intel Core i5 520UM  1.07GHz,908
Intel Core i5 5250U  1.60GHz,"2,450"
Intel Core i5 5257U  2.70GHz,"2,836"
Intel Core i5 5287U  2.90GHz,"3,084"
Intel Core i5 5300U  2.30GHz,"2,710"
Intel Core i5 5350U  1.80GHz,"2,595"
Intel Core i5 540M  2.53GHz,"1,796"
Intel Core i5 540UM  1.20GHz,"1,002"
Intel Core i5 5575R  2.80GHz,"5,071"
Intel Core i5 560M  2.67GHz,"1,893"
Intel Core i5 560UM  1.33GHz,"1,015"
Intel Core i5 5675C  3.10GHz,"5,689"
Intel Core i5 5675R  3.10GHz,"5,564"
Intel Core i5 580M  2.67GHz,"1,978"
Intel Core i5 6198DU  2.30GHz,"3,103"
Intel Core i5 6200U  2.30GHz,"2,988"
Intel Core i5 6260U  1.80GHz,"3,200"
Intel Core i5 6267U  2.90GHz,"3,352"
Intel Core i5 6287U  3.10GHz,"3,801"
Intel Core i5 6300HQ  2.30GHz,"4,678"
Intel Core i5 6300U  2.40GHz,"3,207"
Intel Core i5 6350HQ  2.30GHz,"4,255"
Intel Core i5 6360U  2.00GHz,"3,107"
Intel Core i5 6400  2.70GHz,"5,171"
Intel Core i5 6400T  2.20GHz,"4,251"
Intel Core i5 6402P  2.80GHz,"5,338"
Intel Core i5 6440EQ  2.70GHz,"5,408"
Intel Core i5 6440HQ  2.60GHz,"5,018"
Intel Core i5 6442EQ  1.90GHz,"4,483"
Intel Core i5 650  3.20GHz,"2,252"
Intel Core i5 6500  3.20GHz,"5,601"
Intel Core i5 6500T  2.50GHz,"4,760"
Intel Core i5 6500TE  2.30GHz,"4,902"
Intel Core i5 655K  3.20GHz,"2,017"
Intel Core i5 660  3.33GHz,"2,434"
Intel Core i5 6600  3.30GHz,"6,050"
Intel Core i5 6600K  3.50GHz,"6,300"
Intel Core i5 6600T  2.70GHz,"5,575"
Intel Core i5 661  3.33GHz,"2,385"
Intel Core i5 670  3.47GHz,"2,553"
Intel Core i5 680  3.60GHz,"2,670"
Intel Core i5 7200U  2.50GHz,"3,367"
Intel Core i5 7260U  2.20GHz,"3,953"
Intel Core i5 7267U  3.10GHz,"3,622"
Intel Core i5 7287U  3.30GHz,"3,743"
Intel Core i5 7300HQ  2.50GHz,"5,080"
Intel Core i5 7300U  2.60GHz,"3,633"
Intel Core i5 7360U  2.30GHz,"3,826"
Intel Core i5 7400  3.00GHz,"5,473"
Intel Core i5 7400T  2.40GHz,"4,691"
Intel Core i5 7440EQ  2.90GHz,"5,711"
Intel Core i5 7440HQ  2.80GHz,"5,490"
Intel Core i5 7442EQ  2.10GHz,"4,834"
Intel Core i5 750  2.67GHz,"2,545"
Intel Core i5 7500  3.40GHz,"6,023"
Intel Core i5 7500T  2.70GHz,"5,216"
Intel Core i5 760  2.80GHz,"2,666"
Intel Core i5 7600  3.50GHz,"6,561"
Intel Core i5 7600K  3.80GHz,"6,812"
Intel Core i5 7600T  2.80GHz,"5,827"
Intel Core i5 760S  2.53GHz,"5,440"
Intel Core i5 7640X  4.00GHz,"7,060"
Intel Core i5 7Y54  1.20GHz,"2,586"
Intel Core i5 7Y57  1.20GHz,"2,576"
Intel Core i5 8200Y  1.30GHz,"2,229"
Intel Core i5 8210Y  1.60GHz,"2,725"
Intel Core i5 8250U  1.60GHz,"5,799"
Intel Core i5 8257U  1.40GHz,"7,426"
Intel Core i5 8259U  2.30GHz,"7,847"
Intel Core i5 8260U  1.60GHz,"7,316"
Intel Core i5 8265U  1.60GHz,"5,817"
Intel Core i5 8265UC  1.60GHz,"5,187"
Intel Core i5 8269U  2.60GHz,"7,111"
Intel Core i5 8279U  2.40GHz,"7,491"
Intel Core i5 8300H  2.30GHz,"7,374"
Intel Core i5 8305G  2.80GHz,"6,801"
Intel Core i5 8350U  1.70GHz,"6,099"
Intel Core i5 8365U  1.60GHz,"5,935"
Intel Core i5 8365UE  1.60GHz,"5,528"
Intel Core i5 8400  2.80GHz,"9,226"
Intel Core i5 8400H  2.50GHz,"7,454"
Intel Core i5 8400T  1.70GHz,"7,435"
Intel Core i5 8500  3.00GHz,"9,522"
Intel Core i5 8500B  3.00GHz,"8,889"
Intel Core i5 8500T  2.10GHz,"7,727"
Intel Core i5 8600  3.10GHz,"9,967"
Intel Core i5 8600K  3.60GHz,"10,130"
Intel Core i5 8600T  2.30GHz,"9,202"
Intel Core i5 9300H  2.40GHz,"7,441"
Intel Core i5 9300HF  2.40GHz,"7,259"
Intel Core i5 9400  2.90GHz,"9,375"
Intel Core i5 9400F  2.90GHz,"9,463"
Intel Core i5 9400H  2.50GHz,"7,787"
Intel Core i5 9400T  1.80GHz,"8,196"
Intel Core i5 9500  3.00GHz,"9,828"
Intel Core i5 9500E  3.00GHz,"9,104"
Intel Core i5 9500F  3.00GHz,"9,986"
Intel Core i5 9500T  2.20GHz,"8,089"
Intel Core i5 9500TE  2.20GHz,"9,776"
Intel Core i5 9600  3.10GHz,"10,304"
Intel Core i5 9600K  3.70GHz,"10,643"
Intel Core i5 9600KF  3.70GHz,"10,651"
Intel Core i5 9600T  2.30GHz,"9,602"
Intel Core i5 L16G7  1.40GHz,"3,280"
Intel Core i7 10510U  1.80GHz,"6,401"
Intel Core i7 10510Y  1.20GHz,"3,631"
Intel Core i7 1060NG7  1.20GHz,"6,540"
Intel Core i7 10610U  1.80GHz,"6,574"
Intel Core i7 1065G7  1.30GHz,"8,147"
Intel Core i7 1068NG7  2.30GHz,"9,241"
Intel Core i7 10700  2.90GHz,"16,081"
Intel Core i7 10700E  2.90GHz,"16,086"
Intel Core i7 10700F  2.90GHz,"16,138"
Intel Core i7 10700K  3.80GHz,"18,567"
Intel Core i7 10700KF  3.80GHz,"18,377"
Intel Core i7 10700T  2.00GHz,"12,885"
Intel Core i7 10700TE  2.00GHz,"13,505"
Intel Core i7 10710U  1.10GHz,"9,270"
Intel Core i7 10750H  2.60GHz,"11,564"
Intel Core i7 10810U  1.10GHz,"7,980"
Intel Core i7 10850H  2.70GHz,"11,588"
Intel Core i7 10870H  2.20GHz,"14,095"
Intel Core i7 10875H  2.30GHz,"14,540"
Intel Core i7 11370H  3.30GHz,"11,566"
Intel Core i7 11375H  3.30GHz,"11,732"
Intel Core i7 11390H  3.40GHz,"9,769"
Intel Core i7 11600H  2.90GHz,"15,427"
Intel Core i7 1160G7  1.20GHz,"8,732"
Intel Core i7 1165G7  2.80GHz,"9,874"
Intel Core i7 11700  2.50GHz,"20,634"
Intel Core i7 11700B  3.20GHz,"21,581"
Intel Core i7 11700F  2.50GHz,"20,758"
Intel Core i7 11700K  3.60GHz,"24,371"
Intel Core i7 11700KF  3.60GHz,"23,806"
Intel Core i7 11700T  1.40GHz,"15,390"
Intel Core i7 11800H  2.30GHz,"19,871"
Intel Core i7 1180G7  1.30GHz,"7,807"
Intel Core i7 11850H  2.50GHz,"19,905"
Intel Core i7 11850HE  2.60GHz,"21,365"
Intel Core i7 1185G7  3.00GHz,"10,038"
Intel Core i7 1185G7E  2.80GHz,"9,905"
Intel Core i7 1185GRE  2.80GHz,"7,727"
Intel Core i7 1195G7  2.90GHz,"10,487"
Intel Core i7 1250U,"11,318"
Intel Core i7 1255U,"13,159"
Intel Core i7 1260P,"16,613"
Intel Core i7 1260U,"13,790"
Intel Core i7 12650H,"21,786"
Intel Core i7 12650HX,"21,884"
Intel Core i7 1265U,"13,300"
Intel Core i7 1265UE,"9,398"
Intel Core i7 1265UL,"18,294"
Intel Core i7 12700,"30,076"
Intel Core i7 12700E,"28,302"
Intel Core i7 12700F,"30,335"
Intel Core i7 12700H,"25,391"
Intel Core i7 12700K,"34,359"
Intel Core i7 12700KF,"34,081"
Intel Core i7 12700T,"21,232"
Intel Core i7 12700TE,"19,744"
Intel Core i7 1270P,"16,698"
Intel Core i7 1270PE,"17,960"
Intel Core i7 12800H,"24,145"
Intel Core i7 12800HE,"26,096"
Intel Core i7 12800HX,"31,421"
Intel Core i7 1280P,"20,018"
Intel Core i7 12850HX,"30,572"
Intel Core i7 1355U,"14,131"
Intel Core i7 1360P,"18,531"
Intel Core i7 13620H,"23,870"
Intel Core i7 13650HX,"30,587"
Intel Core i7 1365U,"13,925"
Intel Core i7 1365UE,"10,379"
Intel Core i7 1365URE,"10,636"
Intel Core i7 13700,"36,257"
Intel Core i7 13700E,"33,842"
Intel Core i7 13700F,"38,270"
Intel Core i7 13700H,"26,162"
Intel Core i7 13700HX,"32,251"
Intel Core i7 13700K,"45,805"
Intel Core i7 13700KF,"45,749"
Intel Core i7 13700T,"27,855"
Intel Core i7 13700TE,"21,821"
Intel Core i7 13705H,"24,921"
Intel Core i7 1370P,"20,048"
Intel Core i7 1370PE,"21,920"
Intel Core i7 1370PRE,"19,159"
Intel Core i7 13790F,"43,549"
Intel Core i7 13800H,"26,416"
Intel Core i7 13800HRE,"19,884"
Intel Core i7 13850HX,"36,483"
Intel Core i7 14650HX,"34,540"
Intel Core i7 14700,"41,040"
Intel Core i7 14700F,"41,509"
Intel Core i7 14700HX,"37,177"
Intel Core i7 14700K,"52,267"
Intel Core i7 14700KF,"52,254"
Intel Core i7 14700T,"31,513"
Intel Core i7 14701E,"26,146"
Intel Core i7 14701TE,"27,519"
Intel Core i7 14790F,"38,869"
Intel Core i7 2600  3.40GHz,"5,346"
Intel Core i7 2600K  3.40GHz,"5,488"
Intel Core i7 2600S  2.80GHz,"4,639"
Intel Core i7 2610UE  1.50GHz,"1,527"
Intel Core i7 2617M  1.50GHz,"1,687"
Intel Core i7 2620M  2.70GHz,"2,425"
Intel Core i7 2630QM  2.00GHz,"3,543"
Intel Core i7 2630UM  1.60GHz,400
Intel Core i7 2635QM  2.00GHz,"3,541"
Intel Core i7 2637M  1.70GHz,"1,889"
Intel Core i7 2640M  2.80GHz,"2,450"
Intel Core i7 2655LE  2.20GHz,"1,999"
Intel Core i7 2670QM  2.20GHz,"3,752"
Intel Core i7 2675QM  2.20GHz,"3,913"
Intel Core i7 2677M  1.80GHz,"1,875"
Intel Core i7 2700K  3.50GHz,"5,692"
Intel Core i7 2710QE  2.10GHz,"3,749"
Intel Core i7 2715QE  2.10GHz,"3,221"
Intel Core i7 2720QM  2.20GHz,"4,015"
Intel Core i7 2760QM  2.40GHz,"4,322"
Intel Core i7 2820QM  2.30GHz,"4,379"
Intel Core i7 2840QM  2.40GHz,"3,842"
Intel Core i7 2860QM  2.50GHz,"4,586"
Intel Core i7 2920XM  2.50GHz,"4,336"
Intel Core i7 2960XM  2.70GHz,"4,798"
Intel Core i7 3517U  1.90GHz,"2,110"
Intel Core i7 3517UE  1.70GHz,"2,384"
Intel Core i7 3520M  2.90GHz,"2,840"
Intel Core i7 3537U  2.00GHz,"2,347"
Intel Core i7 3540M  3.00GHz,"2,981"
Intel Core i7 3555LE  2.50GHz,"2,238"
Intel Core i7 3610QE  2.30GHz,"5,234"
Intel Core i7 3610QM  2.30GHz,"5,128"
Intel Core i7 3612QE  2.10GHz,"4,929"
Intel Core i7 3612QM  2.10GHz,"4,659"
Intel Core i7 3615QE  2.30GHz,"5,617"
Intel Core i7 3615QM  2.30GHz,"5,166"
Intel Core i7 3630QM  2.40GHz,"5,137"
Intel Core i7 3632QM  2.20GHz,"4,751"
Intel Core i7 3635QM  2.40GHz,"4,728"
Intel Core i7 3667U  2.00GHz,"2,451"
Intel Core i7 3687U  2.10GHz,"2,621"
Intel Core i7 3689Y  1.50GHz,"1,967"
Intel Core i7 3720QM  2.60GHz,"5,589"
Intel Core i7 3740QM  2.70GHz,"5,705"
Intel Core i7 3770  3.40GHz,"6,418"
Intel Core i7 3770K  3.50GHz,"6,492"
Intel Core i7 3770S  3.10GHz,"6,172"
Intel Core i7 3770T  2.50GHz,"5,428"
Intel Core i7 3820  3.60GHz,"5,784"
Intel Core i7 3820QM  2.70GHz,"5,610"
Intel Core i7 3840QM  2.80GHz,"5,886"
Intel Core i7 3920XM  2.90GHz,"5,713"
Intel Core i7 3930K  3.20GHz,"8,207"
Intel Core i7 3940XM  3.00GHz,"5,957"
Intel Core i7 3960X  3.30GHz,"8,401"
Intel Core i7 3970X  3.50GHz,"8,527"
Intel Core i7 4500U  1.80GHz,"2,489"
Intel Core i7 4510U  2.00GHz,"2,633"
Intel Core i7 4550U  1.50GHz,"2,307"
Intel Core i7 4558U  2.80GHz,"2,966"
Intel Core i7 4560U  1.60GHz,"2,473"
Intel Core i7 4578U  3.00GHz,"3,089"
Intel Core i7 4600M  2.90GHz,"3,205"
Intel Core i7 4600U  2.10GHz,"2,720"
Intel Core i7 4610M  3.00GHz,"3,245"
Intel Core i7 4610Y  1.70GHz,"2,446"
Intel Core i7 4650U  1.70GHz,"2,463"
Intel Core i7 4700EQ  2.40GHz,"5,417"
Intel Core i7 4700HQ  2.40GHz,"5,593"
Intel Core i7 4700MQ  2.40GHz,"5,341"
Intel Core i7 4702HQ  2.20GHz,"5,406"
Intel Core i7 4702MQ  2.20GHz,"5,187"
Intel Core i7 4710HQ  2.50GHz,"5,550"
Intel Core i7 4710MQ  2.50GHz,"5,789"
Intel Core i7 4712HQ  2.30GHz,"5,344"
Intel Core i7 4712MQ  2.30GHz,"5,306"
Intel Core i7 4720HQ  2.60GHz,"5,714"
Intel Core i7 4722HQ  2.40GHz,"5,768"
Intel Core i7 4750HQ  2.00GHz,"5,627"
Intel Core i7 4760HQ  2.10GHz,"6,300"
Intel Core i7 4765T  2.00GHz,"5,024"
Intel Core i7 4770  3.40GHz,"7,056"
Intel Core i7 4770HQ  2.20GHz,"6,036"
Intel Core i7 4770K  3.50GHz,"7,141"
Intel Core i7 4770R  3.20GHz,"6,561"
Intel Core i7 4770S  3.10GHz,"6,753"
Intel Core i7 4770T  2.50GHz,"5,876"
Intel Core i7 4770TE  2.30GHz,"5,115"
Intel Core i7 4771  3.50GHz,"7,145"
Intel Core i7 4785T  2.20GHz,"5,489"
Intel Core i7 4790  3.60GHz,"7,262"
Intel Core i7 4790K  4.00GHz,"8,062"
Intel Core i7 4790S  3.20GHz,"6,970"
Intel Core i7 4790T  2.70GHz,"6,325"
Intel Core i7 4800MQ  2.70GHz,"5,766"
Intel Core i7 4810MQ  2.80GHz,"6,067"
Intel Core i7 4820K  3.70GHz,"6,514"
Intel Core i7 4850HQ  2.30GHz,"6,142"
Intel Core i7 4860EQ  1.80GHz,"5,508"
Intel Core i7 4860HQ  2.40GHz,"6,204"
Intel Core i7 4870HQ  2.50GHz,"6,317"
Intel Core i7 4900MQ  2.80GHz,"6,154"
Intel Core i7 4910MQ  2.90GHz,"6,280"
Intel Core i7 4930K  3.40GHz,"9,387"
Intel Core i7 4930MX  3.00GHz,"6,387"
Intel Core i7 4940MX  3.10GHz,"6,769"
Intel Core i7 4960HQ  2.60GHz,"6,370"
Intel Core i7 4960X  3.60GHz,"9,935"
Intel Core i7 4980HQ  2.80GHz,"6,534"
Intel Core i7 5500U  2.40GHz,"2,807"
Intel Core i7 5550U  2.00GHz,"2,780"
Intel Core i7 5557U  3.10GHz,"3,148"
Intel Core i7 5600U  2.60GHz,"3,016"
Intel Core i7 5650U  2.20GHz,"3,007"
Intel Core i7 5675C  3.10GHz,"6,089"
Intel Core i7 5700EQ  2.60GHz,"5,803"
Intel Core i7 5700HQ  2.70GHz,"6,037"
Intel Core i7 5775C  3.30GHz,"7,688"
Intel Core i7 5775R  3.30GHz,"7,598"
Intel Core i7 5820K  3.30GHz,"9,829"
Intel Core i7 5850EQ  2.70GHz,"7,036"
Intel Core i7 5850HQ  2.70GHz,"6,866"
Intel Core i7 5930K  3.50GHz,"10,359"
Intel Core i7 5950HQ  2.90GHz,"7,667"
Intel Core i7 5960X  3.00GHz,"13,407"
Intel Core i7 610E  2.53GHz,"2,071"
Intel Core i7 620LM  2.00GHz,"1,426"
Intel Core i7 620M  2.67GHz,"1,974"
Intel Core i7 620UM  1.07GHz,"1,091"
Intel Core i7 640LM  2.13GHz,"1,522"
Intel Core i7 640M  2.80GHz,"2,095"
Intel Core i7 640UM  1.20GHz,"1,168"
Intel Core i7 6498DU  2.50GHz,"3,372"
Intel Core i7 6500U  2.50GHz,"3,274"
Intel Core i7 6560U  2.20GHz,"3,354"
Intel Core i7 6567U  3.30GHz,"3,667"
Intel Core i7 6600U  2.60GHz,"3,406"
Intel Core i7 660UM  1.33GHz,"1,279"
Intel Core i7 6650U  2.20GHz,"3,555"
Intel Core i7 6660U  2.40GHz,"3,628"
Intel Core i7 6700  3.40GHz,"8,048"
Intel Core i7 6700HQ  2.60GHz,"6,521"
Intel Core i7 6700K  4.00GHz,"8,928"
Intel Core i7 6700T  2.80GHz,"6,998"
Intel Core i7 6700TE  2.40GHz,"6,203"
Intel Core i7 6770HQ  2.60GHz,"7,085"
Intel Core i7 6800K  3.40GHz,"10,711"
Intel Core i7 680UM  1.47GHz,"1,196"
Intel Core i7 6820EQ  2.80GHz,"7,025"
Intel Core i7 6820HK  2.70GHz,"7,030"
Intel Core i7 6820HQ  2.70GHz,"6,757"
Intel Core i7 6822EQ  2.00GHz,"5,550"
Intel Core i7 6850K  3.60GHz,"11,387"
Intel Core i7 6900K  3.20GHz,"14,664"
Intel Core i7 6920HQ  2.90GHz,"7,267"
Intel Core i7 6950X  3.00GHz,"17,568"
Intel Core i7 6970HQ  2.80GHz,"4,632"
Intel Core i7 720QM  1.60GHz,"1,660"
Intel Core i7 740QM  1.73GHz,"1,842"
Intel Core i7 7500U  2.70GHz,"3,631"
Intel Core i7 7560U  2.40GHz,"3,764"
Intel Core i7 7567U  3.50GHz,"4,095"
Intel Core i7 7600U  2.80GHz,"3,688"
Intel Core i7 7660U  2.50GHz,"4,065"
Intel Core i7 7700  3.60GHz,"8,639"
Intel Core i7 7700HQ  2.80GHz,"6,878"
Intel Core i7 7700K  4.20GHz,"9,623"
Intel Core i7 7700T  2.90GHz,"7,544"
Intel Core i7 7740X  4.30GHz,"9,678"
Intel Core i7 7800X  3.50GHz,"12,962"
Intel Core i7 7820EQ  3.00GHz,"7,470"
Intel Core i7 7820HK  2.90GHz,"7,419"
Intel Core i7 7820HQ  2.90GHz,"7,180"
Intel Core i7 7820X  3.60GHz,"17,164"
Intel Core i7 7900X  3.30GHz,"20,039"
Intel Core i7 7920HQ  3.10GHz,"7,329"
Intel Core i7 7Y75  1.30GHz,"2,533"
Intel Core i7 8086K  4.00GHz,"14,067"
Intel Core i7 820QM  1.73GHz,"1,819"
Intel Core i7 840QM  1.87GHz,"1,985"
Intel Core i7 8500Y  1.50GHz,"2,447"
Intel Core i7 8550U  1.80GHz,"5,800"
Intel Core i7 8557U  1.70GHz,"7,309"
Intel Core i7 8559U  2.70GHz,"8,261"
Intel Core i7 8565U  1.80GHz,"5,977"
Intel Core i7 8565UC  1.80GHz,"6,187"
Intel Core i7 8569U  2.80GHz,"8,133"
Intel Core i7 860  2.80GHz,"3,006"
Intel Core i7 860S  2.53GHz,"2,324"
Intel Core i7 8650U  1.90GHz,"6,187"
Intel Core i7 8665U  1.90GHz,"6,204"
Intel Core i7 8665UE  1.70GHz,"4,852"
Intel Core i7 870  2.93GHz,"3,160"
Intel Core i7 8700  3.20GHz,"12,745"
Intel Core i7 8700B  3.20GHz,"11,793"
Intel Core i7 8700K  3.70GHz,"13,574"
Intel Core i7 8700T  2.40GHz,"10,203"
Intel Core i7 8705G  3.10GHz,"7,626"
Intel Core i7 8706G  3.10GHz,"7,383"
Intel Core i7 8709G  3.10GHz,"7,934"
Intel Core i7 870S  2.67GHz,"2,765"
Intel Core i7 8750H  2.20GHz,"9,771"
Intel Core i7 875K  2.93GHz,"3,177"
Intel Core i7 880  3.07GHz,"3,429"
Intel Core i7 8809G  3.10GHz,"8,451"
Intel Core i7 8850H  2.60GHz,"10,073"
Intel Core i7 920  2.67GHz,"2,865"
Intel Core i7 920XM  2.00GHz,"2,008"
Intel Core i7 930  2.80GHz,"2,981"
Intel Core i7 940  2.93GHz,"3,029"
Intel Core i7 940XM  2.13GHz,"2,269"
Intel Core i7 950  3.07GHz,"3,251"
Intel Core i7 960  3.20GHz,"3,396"
Intel Core i7 965  3.20GHz,"3,424"
Intel Core i7 970  3.20GHz,"6,541"
Intel Core i7 9700  3.00GHz,"13,199"
Intel Core i7 9700E  2.60GHz,"12,658"
Intel Core i7 9700F  3.00GHz,"13,172"
Intel Core i7 9700K  3.60GHz,"14,402"
Intel Core i7 9700KF  3.60GHz,"14,240"
Intel Core i7 9700T  2.00GHz,"10,596"
Intel Core i7 9700TE  1.80GHz,"9,909"
Intel Core i7 975  3.33GHz,"3,516"
Intel Core i7 9750H  2.60GHz,"10,619"
Intel Core i7 9750HF  2.60GHz,"10,407"
Intel Core i7 980  3.33GHz,"6,890"
Intel Core i7 9800X  3.80GHz,"18,114"
Intel Core i7 980X  3.33GHz,"6,810"
Intel Core i7 985  3.47GHz,"3,928"
Intel Core i7 9850H  2.60GHz,"10,853"
Intel Core i7 9850HE  2.70GHz,"9,972"
Intel Core i7 9850HL  1.90GHz,"7,897"
Intel Core i7 990X  3.47GHz,"7,136"
Intel Core i7 995X  3.60GHz,"7,862"
Intel Core i9 10850K  3.60GHz,"21,974"
Intel Core i9 10880H  2.30GHz,"14,235"
Intel Core i9 10885H  2.40GHz,"14,466"
Intel Core i9 10900  2.80GHz,"19,175"
Intel Core i9 10900E  2.80GHz,"19,332"
Intel Core i9 10900F  2.80GHz,"19,788"
Intel Core i9 10900K  3.70GHz,"22,401"
Intel Core i9 10900KF  3.70GHz,"22,240"
Intel Core i9 10900T  1.90GHz,"14,727"
Intel Core i9 10900TE  1.80GHz,"14,159"
Intel Core i9 10900X  3.70GHz,"22,370"
Intel Core i9 10910  3.60GHz,"21,423"
Intel Core i9 10920X  3.50GHz,"25,883"
Intel Core i9 10940X  3.30GHz,"27,730"
Intel Core i9 10980HK  2.40GHz,"15,184"
Intel Core i9 10980XE  3.00GHz,"32,201"
Intel Core i9 11900  2.50GHz,"22,449"
Intel Core i9 11900F  2.50GHz,"22,039"
Intel Core i9 11900H  2.50GHz,"20,005"
Intel Core i9 11900K  3.50GHz,"24,994"
Intel Core i9 11900KB  3.30GHz,"22,757"
Intel Core i9 11900KF  3.50GHz,"24,579"
Intel Core i9 11900T  1.50GHz,"18,673"
Intel Core i9 11950H  2.60GHz,"20,726"
Intel Core i9 11980HK  2.60GHz,"22,304"
Intel Core i9 12900,"33,714"
Intel Core i9 12900E,"28,170"
Intel Core i9 12900F,"35,921"
Intel Core i9 12900H,"27,115"
Intel Core i9 12900HK,"25,533"
Intel Core i9 12900HX,"33,146"
Intel Core i9 12900K,"41,181"
Intel Core i9 12900KF,"40,864"
Intel Core i9 12900KS,"43,553"
Intel Core i9 12900T,"29,601"
Intel Core i9 12900TE,"22,887"
Intel Core i9 12950HX,"31,477"
Intel Core i9 13900,"45,304"
Intel Core i9 13900E,"40,476"
Intel Core i9 13900F,"49,125"
Intel Core i9 13900H,"27,498"
Intel Core i9 13900HK,"27,281"
Intel Core i9 13900HX,"42,535"
Intel Core i9 13900K,"58,418"
Intel Core i9 13900KF,"57,756"
Intel Core i9 13900KS,"60,570"
Intel Core i9 13900T,"42,775"
Intel Core i9 13900TE,"20,602"
Intel Core i9 13905H,"29,896"
Intel Core i9 13950HX,"41,156"
Intel Core i9 13980HX,"46,102"
Intel Core i9 14900,"45,225"
Intel Core i9 14900F,"46,833"
Intel Core i9 14900HX,"44,774"
Intel Core i9 14900K,"58,562"
Intel Core i9 14900KF,"58,324"
Intel Core i9 14900KS,"60,490"
Intel Core i9 14900T,"38,282"
Intel Core i9 7900X  3.30GHz,"20,915"
Intel Core i9 7920X  2.90GHz,"23,582"
Intel Core i9 7940X  3.10GHz,"25,536"
Intel Core i9 7960X  2.80GHz,"28,017"
Intel Core i9 7980XE  2.60GHz,"29,675"
Intel Core i9 8950HK  2.90GHz,"10,383"
Intel Core i9 9820X  3.30GHz,"20,464"
Intel Core i9 9880H  2.30GHz,"13,528"
Intel Core i9 9900  3.10GHz,"16,239"
Intel Core i9 9900B  3.10GHz,"15,893"
Intel Core i9 9900K  3.60GHz,"18,115"
Intel Core i9 9900KF  3.60GHz,"18,030"
Intel Core i9 9900KS  4.00GHz,"19,410"
Intel Core i9 9900T  2.10GHz,"13,241"
Intel Core i9 9900X  3.50GHz,"21,630"
Intel Core i9 9920X  3.50GHz,"24,974"
Intel Core i9 9940X  3.30GHz,"28,086"
Intel Core i9 9960X  3.10GHz,"29,927"
Intel Core i9 9980HK  2.40GHz,"13,963"
Intel Core i9 9980XE  3.00GHz,"31,492"
Intel Core i9 9990XE  4.00GHz,"30,162"
Intel Core M 5Y10  0.80GHz,"1,644"
Intel Core M 5Y10a  0.80GHz,"1,905"
Intel Core M 5Y10c  0.80GHz,"1,906"
Intel Core M 5Y31  0.90GHz,"1,905"
Intel Core M 5Y51  1.10GHz,"2,030"
Intel Core M 5Y70  1.10GHz,"1,890"
Intel Core M 5Y71  1.20GHz,"1,978"
Intel Core m3 6Y30  0.90GHz,"2,180"
Intel Core m3 7Y30  1.00GHz,"2,415"
Intel Core m3 7Y32  1.10GHz,"2,697"
Intel Core m3 8100Y  1.10GHz,"2,774"
Intel Core m5 6Y54  1.10GHz,"2,290"
Intel Core m5 6Y57  1.10GHz,"2,346"
Intel Core m5 7Y54  1.20GHz,"1,475"
Intel Core m7 6Y75  1.20GHz,"2,366"
Intel Core Solo T1300  1.66GHz,210
Intel Core Solo T1350  1.86GHz,194
Intel Core Solo T1400  1.83GHz,253
Intel Core Solo U1300  1.06GHz,127
Intel Core Solo U1400  1.20GHz,130
Intel Core Solo U1500  1.33GHz,164
Intel Core Ultra 5 115U,"11,393"
Intel Core Ultra 5 125H,"20,771"
Intel Core Ultra 5 125U,"17,179"
Intel Core Ultra 5 134U,"12,945"
Intel Core Ultra 5 135H,"22,138"
Intel Core Ultra 5 135U,"17,071"
Intel Core Ultra 5 225,"31,082"
Intel Core Ultra 5 225F,"31,595"
Intel Core Ultra 5 225H,"29,184"
Intel Core Ultra 5 225T,"26,874"
Intel Core Ultra 5 225U,"18,658"
Intel Core Ultra 5 226V,"18,383"
Intel Core Ultra 5 228V,"17,211"
Intel Core Ultra 5 235,"39,892"
Intel Core Ultra 5 235H,"29,632"
Intel Core Ultra 5 235HX,"40,122"
Intel Core Ultra 5 235T,"32,169"
Intel Core Ultra 5 235U,"17,477"
Intel Core Ultra 5 236V,"18,299"
Intel Core Ultra 5 238V,"18,207"
Intel Core Ultra 5 245,"40,302"
Intel Core Ultra 5 245HX,"39,605"
Intel Core Ultra 5 245K,"43,424"
Intel Core Ultra 5 245KF,"43,373"
Intel Core Ultra 5 245T,"32,917"
Intel Core Ultra 7 155H,"24,740"
Intel Core Ultra 7 155U,"16,219"
Intel Core Ultra 7 164U,"12,575"
Intel Core Ultra 7 165H,"25,926"
Intel Core Ultra 7 165U,"16,877"
Intel Core Ultra 7 255H,"30,702"
Intel Core Ultra 7 255HX,"49,888"
Intel Core Ultra 7 255U,"18,005"
Intel Core Ultra 7 256V,"19,579"
Intel Core Ultra 7 258V,"18,973"
Intel Core Ultra 7 265,"49,650"
Intel Core Ultra 7 265F,"48,848"
Intel Core Ultra 7 265H,"34,627"
Intel Core Ultra 7 265HX,"49,388"
Intel Core Ultra 7 265K,"58,806"
Intel Core Ultra 7 265KF,"58,786"
Intel Core Ultra 7 265T,"41,887"
Intel Core Ultra 7 265U,"17,984"
Intel Core Ultra 7 266V,"19,180"
Intel Core Ultra 7 268V,"19,767"
Intel Core Ultra 9 185H,"29,363"
Intel Core Ultra 9 275HX,"55,975"
Intel Core Ultra 9 285,"57,648"
Intel Core Ultra 9 285H,"34,146"
Intel Core Ultra 9 285HX,"59,326"
Intel Core Ultra 9 285K,"67,574"
Intel Core Ultra 9 285T,"37,183"
Intel Core Ultra 9 288V,"19,732"
Intel Core2 6320  1.86GHz,849
Intel Core2 Duo E4300  1.80GHz,588
Intel Core2 Duo E4400  2.00GHz,733
Intel Core2 Duo E4500  2.20GHz,745
Intel Core2 Duo E4600  2.40GHz,876
Intel Core2 Duo E4700  2.60GHz,"1,011"
Intel Core2 Duo E6300  1.86GHz,652
Intel Core2 Duo E6320  1.86GHz,724
Intel Core2 Duo E6400  2.13GHz,772
Intel Core2 Duo E6420  2.13GHz,784
Intel Core2 Duo E6540  2.33GHz,808
Intel Core2 Duo E6550  2.33GHz,912
Intel Core2 Duo E6600  2.40GHz,937
Intel Core2 Duo E6700  2.66GHz,975
Intel Core2 Duo E6750  2.66GHz,"1,027"
Intel Core2 Duo E6850  3.00GHz,"1,158"
Intel Core2 Duo E7200  2.53GHz,"1,002"
Intel Core2 Duo E7300  2.66GHz,981
Intel Core2 Duo E7400  2.80GHz,"1,043"
Intel Core2 Duo E7500  2.93GHz,"1,156"
Intel Core2 Duo E7600  3.06GHz,"1,150"
Intel Core2 Duo E8135  2.40GHz,973
Intel Core2 Duo E8135  2.66GHz,"1,112"
Intel Core2 Duo E8200  2.66GHz,"1,144"
Intel Core2 Duo E8235  2.80GHz,"1,020"
Intel Core2 Duo E8290  2.83GHz,"1,408"
Intel Core2 Duo E8300  2.83GHz,"1,019"
Intel Core2 Duo E8335  2.66GHz,"1,121"
Intel Core2 Duo E8335  2.93GHz,"1,094"
Intel Core2 Duo E8400  3.00GHz,"1,216"
Intel Core2 Duo E8435  3.06GHz,"1,104"
Intel Core2 Duo E8500  3.16GHz,"1,297"
Intel Core2 Duo E8600  3.33GHz,"1,378"
Intel Core2 Duo L7100  1.20GHz,467
Intel Core2 Duo L7300  1.40GHz,536
Intel Core2 Duo L7400  1.50GHz,516
Intel Core2 Duo L7500  1.60GHz,663
Intel Core2 Duo L7700  1.80GHz,677
Intel Core2 Duo L7800  2.00GHz,680
Intel Core2 Duo L9300  1.60GHz,690
Intel Core2 Duo L9600  2.13GHz,788
Intel Core2 Duo P7350  2.00GHz,725
Intel Core2 Duo P7370  2.00GHz,790
Intel Core2 Duo P7450  2.13GHz,803
Intel Core2 Duo P7550  2.26GHz,836
Intel Core2 Duo P7570  2.26GHz,870
Intel Core2 Duo P8400  2.26GHz,864
Intel Core2 Duo P8600  2.40GHz,859
Intel Core2 Duo P8700  2.53GHz,959
Intel Core2 Duo P8800  2.66GHz,937
Intel Core2 Duo P9300  2.26GHz,983
Intel Core2 Duo P9500  2.53GHz,993
Intel Core2 Duo P9600  2.53GHz,"1,040"
Intel Core2 Duo P9600  2.66GHz,"1,093"
Intel Core2 Duo P9700  2.80GHz,"1,178"
Intel Core2 Duo SL9400  1.86GHz,753
Intel Core2 Duo SP9400  2.40GHz,887
Intel Core2 Duo SU9400  1.40GHz,529
Intel Core2 Duo T5200  1.60GHz,470
Intel Core2 Duo T5250  1.50GHz,556
Intel Core2 Duo T5270  1.40GHz,427
Intel Core2 Duo T5300  1.73GHz,530
Intel Core2 Duo T5450  1.66GHz,584
Intel Core2 Duo T5470  1.60GHz,590
Intel Core2 Duo T5500  1.66GHz,572
Intel Core2 Duo T5550  1.83GHz,634
Intel Core2 Duo T5600  1.83GHz,675
Intel Core2 Duo T5670  1.80GHz,633
Intel Core2 Duo T5750  2.00GHz,701
Intel Core2 Duo T5800  2.00GHz,641
Intel Core2 Duo T5850  2.16GHz,721
Intel Core2 Duo T5870  2.00GHz,705
Intel Core2 Duo T5900  2.20GHz,677
Intel Core2 Duo T6400  2.00GHz,733
Intel Core2 Duo T6500  2.10GHz,744
Intel Core2 Duo T6570  2.10GHz,774
Intel Core2 Duo T6600  2.20GHz,801
Intel Core2 Duo T6670  2.20GHz,841
Intel Core2 Duo T7100  1.80GHz,605
Intel Core2 Duo T7200  2.00GHz,739
Intel Core2 Duo T7250  2.00GHz,696
Intel Core2 Duo T7300  2.00GHz,702
Intel Core2 Duo T7400  2.16GHz,766
Intel Core2 Duo T7500  2.20GHz,827
Intel Core2 Duo T7600  2.33GHz,800
Intel Core2 Duo T7700  2.40GHz,944
Intel Core2 Duo T7800  2.60GHz,909
Intel Core2 Duo T8100  2.10GHz,789
Intel Core2 Duo T8300  2.40GHz,905
Intel Core2 Duo T9300  2.50GHz,985
Intel Core2 Duo T9400  2.53GHz,"1,004"
Intel Core2 Duo T9500  2.60GHz,"1,022"
Intel Core2 Duo T9550  2.66GHz,989
Intel Core2 Duo T9600  2.80GHz,"1,089"
Intel Core2 Duo T9800  2.93GHz,"1,193"
Intel Core2 Duo T9900  3.06GHz,"1,206"
Intel Core2 Duo U7300  1.30GHz,537
Intel Core2 Duo U7500  1.06GHz,408
Intel Core2 Duo U7600  1.20GHz,347
Intel Core2 Duo U7700  1.33GHz,420
Intel Core2 Duo U9300  1.20GHz,447
Intel Core2 Duo U9600  1.60GHz,587
Intel Core2 Extreme Q6800  2.93GHz,"2,218"
Intel Core2 Extreme Q6850  3.00GHz,"2,250"
Intel Core2 Extreme Q9200  2.40GHz,"2,011"
Intel Core2 Extreme Q9300  2.53GHz,"1,912"
Intel Core2 Extreme X6800  2.93GHz,"1,118"
Intel Core2 Extreme X7800  2.60GHz,"1,138"
Intel Core2 Extreme X7900  2.80GHz,"1,115"
Intel Core2 Extreme X9000  2.80GHz,"1,108"
Intel Core2 Extreme X9100  3.06GHz,"1,181"
Intel Core2 Extreme X9650  3.00GHz,"2,426"
Intel Core2 Extreme X9750  3.16GHz,"2,348"
Intel Core2 Extreme X9770  3.20GHz,"2,701"
Intel Core2 Extreme X9775  3.20GHz,"2,780"
Intel Core2 Quad Q6600  2.40GHz,"1,839"
Intel Core2 Quad Q6700  2.66GHz,"2,091"
Intel Core2 Quad Q8200  2.33GHz,"1,807"
Intel Core2 Quad Q8300  2.50GHz,"1,913"
Intel Core2 Quad Q8400  2.66GHz,"2,078"
Intel Core2 Quad Q9000  2.00GHz,"1,597"
Intel Core2 Quad Q9100  2.26GHz,"1,806"
Intel Core2 Quad Q9300  2.50GHz,"2,010"
Intel Core2 Quad Q9400  2.66GHz,"2,160"
Intel Core2 Quad Q9450  2.66GHz,"2,208"
Intel Core2 Quad Q9500  2.83GHz,"2,241"
Intel Core2 Quad Q9505  2.83GHz,"2,171"
Intel Core2 Quad Q9550  2.83GHz,"2,360"
Intel Core2 Quad Q9650  3.00GHz,"2,504"
Intel Core2 Solo U2100  1.06GHz,233
Intel Core2 Solo U3500  1.40GHz,272
Intel CoreT i5 1350P,"19,429"
Intel CoreT i5 13600H,"20,777"
Intel CoreTM Ultra 5 115U,"12,771"
Intel N100,"5,360"
Intel N150,"5,436"
Intel N200,"4,726"
Intel N250,"4,765"
Intel N50,"2,609"
Intel N95,"5,312"
Intel N97,"5,881"
Intel Pentium 1403  2.60GHz,"1,851"
Intel Pentium 1403 v2  2.60GHz,"2,284"
Intel Pentium 2020M  2.40GHz,"1,409"
Intel Pentium 2030M  2.50GHz,"1,389"
Intel Pentium 2117U  1.80GHz,"1,007"
Intel Pentium 2127U  1.90GHz,"1,076"
Intel Pentium 2129Y  1.10GHz,587
Intel Pentium 3550M  2.30GHz,"1,306"
Intel Pentium 3556U  1.70GHz,"1,071"
Intel Pentium 3558U  1.70GHz,"1,040"
Intel Pentium 3560M  2.40GHz,"1,345"
Intel Pentium 3560Y  1.20GHz,887
Intel Pentium 3805U  1.90GHz,"1,201"
Intel Pentium 3825U  1.90GHz,"1,395"
Intel Pentium 4 1.50GHz,86
Intel Pentium 4 1.60GHz,84
Intel Pentium 4 1.70GHz,86
Intel Pentium 4 1.80GHz,115
Intel Pentium 4 1.90GHz,104
Intel Pentium 4 1300MHz,77
Intel Pentium 4 1400MHz,83
Intel Pentium 4 1500MHz,81
Intel Pentium 4 1700MHz,100
Intel Pentium 4 1800MHz,114
Intel Pentium 4 2.00GHz,133
Intel Pentium 4 2.20GHz,157
Intel Pentium 4 2.26GHz,151
Intel Pentium 4 2.40GHz,131
Intel Pentium 4 2.50GHz,160
Intel Pentium 4 2.53GHz,162
Intel Pentium 4 2.60GHz,223
Intel Pentium 4 2.66GHz,157
Intel Pentium 4 2.80GHz,240
Intel Pentium 4 2.93GHz,150
Intel Pentium 4 3.00GHz,309
Intel Pentium 4 3.06GHz,264
Intel Pentium 4 3.20GHz,328
Intel Pentium 4 3.40GHz,299
Intel Pentium 4 3.46GHz,295
Intel Pentium 4 3.60GHz,315
Intel Pentium 4 3.73GHz,385
Intel Pentium 4 3.80GHz,384
Intel Pentium 4 3.83GHz,154
Intel Pentium 4 Mobile 1.60GHz,116
Intel Pentium 4 Mobile 1.80GHz,114
Intel Pentium 4 Mobile 1.90GHz,136
Intel Pentium 4 Mobile 2.00GHz,132
Intel Pentium 4405U  2.10GHz,"2,121"
Intel Pentium 4405Y  1.50GHz,"1,490"
Intel Pentium 4410Y  1.50GHz,"1,435"
Intel Pentium 4415U  2.30GHz,"2,248"
Intel Pentium 4415Y  1.60GHz,"1,581"
Intel Pentium 4417U  2.30GHz,"2,259"
Intel Pentium 4425Y  1.70GHz,"1,698"
Intel Pentium 5405U  2.30GHz,"2,241"
Intel Pentium 6405U  2.40GHz,"2,356"
Intel Pentium 6805  1.10GHz,"4,424"
Intel Pentium 957  1.20GHz,622
Intel Pentium 967  1.30GHz,643
Intel Pentium 987  1.50GHz,697
Intel Pentium 997  1.60GHz,809
Intel Pentium A1018  2.10GHz,"1,188"
Intel Pentium A1020  2.41GHz,"1,167"
Intel Pentium B940  2.00GHz,875
Intel Pentium B950  2.10GHz,"1,022"
Intel Pentium B960  2.20GHz,"1,019"
Intel Pentium B970  2.30GHz,"1,106"
Intel Pentium B980  2.40GHz,"1,101"
Intel Pentium D 3.40GHz,782
Intel Pentium D 805  2.66GHz,374
Intel Pentium D 830  3.00GHz,579
Intel Pentium D 915  2.80GHz,468
Intel Pentium D 940  3.20GHz,585
Intel Pentium D 950  3.40GHz,704
Intel Pentium D 960  3.60GHz,822
Intel Pentium D1508  2.20GHz,"3,240"
Intel Pentium Dual T2390  1.86GHz,745
Intel Pentium E2140  1.60GHz,534
Intel Pentium E2160  1.80GHz,663
Intel Pentium E2180  2.00GHz,685
Intel Pentium E2200  2.20GHz,740
Intel Pentium E2210  2.20GHz,702
Intel Pentium E2220  2.40GHz,855
Intel Pentium E5200  2.50GHz,933
Intel Pentium E5300  2.60GHz,933
Intel Pentium E5400  2.70GHz,"1,004"
Intel Pentium E5500  2.80GHz,"1,068"
Intel Pentium E5700  3.00GHz,"1,092"
Intel Pentium E5800  3.20GHz,"1,189"
Intel Pentium E6300  2.80GHz,"1,032"
Intel Pentium E6500  2.93GHz,"1,175"
Intel Pentium E6600  3.06GHz,"1,191"
Intel Pentium E6700  3.20GHz,"1,219"
Intel Pentium E6800  3.33GHz,"1,155"
Intel Pentium Extreme Edition 955  3.46GHz,469
Intel Pentium Extreme Edition 965  3.73GHz,987
Intel Pentium G2010  2.80GHz,"1,641"
Intel Pentium G2020  2.90GHz,"1,700"
Intel Pentium G2020T  2.50GHz,"1,430"
Intel Pentium G2030  3.00GHz,"1,767"
Intel Pentium G2030T  2.60GHz,"1,597"
Intel Pentium G2100T  2.60GHz,"1,691"
Intel Pentium G2120  3.10GHz,"1,882"
Intel Pentium G2120T  2.70GHz,"1,613"
Intel Pentium G2130  3.20GHz,"1,911"
Intel Pentium G2140  3.30GHz,"2,092"
Intel Pentium G3220  3.00GHz,"1,888"
Intel Pentium G3220T  2.60GHz,"1,645"
Intel Pentium G3240  3.10GHz,"1,928"
Intel Pentium G3240T  2.70GHz,"1,693"
Intel Pentium G3250  3.20GHz,"2,017"
Intel Pentium G3250T  2.80GHz,"1,813"
Intel Pentium G3258  3.20GHz,"2,063"
Intel Pentium G3260  3.30GHz,"2,102"
Intel Pentium G3260T  2.90GHz,"1,878"
Intel Pentium G3320TE  2.30GHz,"1,570"
Intel Pentium G3420  3.20GHz,"2,022"
Intel Pentium G3420T  2.70GHz,"1,912"
Intel Pentium G3430  3.30GHz,"2,127"
Intel Pentium G3440  3.30GHz,"2,202"
Intel Pentium G3440T  2.80GHz,"2,107"
Intel Pentium G3450  3.40GHz,"2,182"
Intel Pentium G3450T  2.90GHz,"1,904"
Intel Pentium G3460  3.50GHz,"2,114"
Intel Pentium G3460T  3.00GHz,"2,036"
Intel Pentium G3470  3.60GHz,"2,448"
Intel Pentium G4400  3.30GHz,"2,556"
Intel Pentium G4400T  2.90GHz,"2,323"
Intel Pentium G4400TE  2.40GHz,"2,190"
Intel Pentium G4500  3.50GHz,"2,799"
Intel Pentium G4500T  3.00GHz,"2,399"
Intel Pentium G4520  3.60GHz,"2,670"
Intel Pentium G4560  3.50GHz,"3,535"
Intel Pentium G4560T  2.90GHz,"2,994"
Intel Pentium G4600  3.60GHz,"3,629"
Intel Pentium G4600T  3.00GHz,"3,062"
Intel Pentium G4620  3.70GHz,"3,761"
Intel Pentium G620  2.60GHz,"1,234"
Intel Pentium G620T  2.20GHz,896
Intel Pentium G630  2.70GHz,"1,352"
Intel Pentium G630T  2.30GHz,"1,032"
Intel Pentium G640  2.80GHz,"1,368"
Intel Pentium G640T  2.40GHz,"1,139"
Intel Pentium G645  2.90GHz,"1,444"
Intel Pentium G645T  2.50GHz,"1,238"
Intel Pentium G6950  2.80GHz,"1,252"
Intel Pentium G6951  2.80GHz,"1,383"
Intel Pentium G6960  2.93GHz,"1,433"
Intel Pentium G840  2.80GHz,"1,367"
Intel Pentium G850  2.90GHz,"1,484"
Intel Pentium G860  3.00GHz,"1,481"
Intel Pentium G870  3.10GHz,"1,554"
Intel Pentium GOLD 6500Y  1.10GHz,"2,970"
Intel Pentium Gold 7505  2.00GHz,"5,176"
Intel Pentium Gold 8500,"5,949"
Intel Pentium Gold 8505,"9,167"
Intel Pentium Gold G5400  3.70GHz,"3,742"
Intel Pentium Gold G5400T  3.10GHz,"3,152"
Intel Pentium Gold G5420  3.80GHz,"3,699"
Intel Pentium Gold G5420T  3.20GHz,"3,370"
Intel Pentium Gold G5500  3.80GHz,"3,846"
Intel Pentium Gold G5500T  3.20GHz,"3,256"
Intel Pentium Gold G5600  3.90GHz,"3,844"
Intel Pentium Gold G5600F  3.90GHz,"4,060"
Intel Pentium Gold G5600T  3.30GHz,"3,496"
Intel Pentium Gold G5620  4.00GHz,"4,251"
Intel Pentium Gold G6400  4.00GHz,"4,106"
Intel Pentium Gold G6400E  3.80GHz,"3,908"
Intel Pentium Gold G6400T  3.40GHz,"3,544"
Intel Pentium Gold G6405  4.10GHz,"3,818"
Intel Pentium Gold G6405T  3.50GHz,"3,095"
Intel Pentium Gold G6500  4.10GHz,"4,185"
Intel Pentium Gold G6500T  3.50GHz,"3,806"
Intel Pentium Gold G6505  4.20GHz,"4,371"
Intel Pentium Gold G6505T  3.60GHz,"3,698"
Intel Pentium Gold G6600  4.20GHz,"4,223"
Intel Pentium Gold G6605  4.30GHz,"4,488"
Intel Pentium Gold G7400,"6,708"
Intel Pentium Gold G7400E,"6,134"
Intel Pentium Gold G7400T,"5,274"
Intel Pentium III 1400  1400MHz,193
Intel Pentium III 1400S  1400MHz,194
Intel Pentium III Mobile 1066MHz,160
Intel Pentium III Mobile 1133MHz,164
Intel Pentium III Mobile 1200MHz,156
Intel Pentium III Mobile 800MHz,119
Intel Pentium III Mobile 866MHz,99
Intel Pentium J2850  2.41GHz,"1,016"
Intel Pentium J2900  2.41GHz,"1,254"
Intel Pentium J3710  1.60GHz,"1,418"
Intel Pentium J4205  1.50GHz,"2,315"
Intel Pentium J6426  2.00GHz,"4,029"
Intel Pentium M 1.10GHz,184
Intel Pentium M 1.20GHz,199
Intel Pentium M 1.30GHz,196
Intel Pentium M 1.40GHz,225
Intel Pentium M 1.50GHz,240
Intel Pentium M 1.60GHz,194
Intel Pentium M 1.70GHz,239
Intel Pentium M 1.73GHz,205
Intel Pentium M 1.80GHz,280
Intel Pentium M 1.86GHz,222
Intel Pentium M 1000MHz,156
Intel Pentium M 1200MHz,155
Intel Pentium M 1300MHz,197
Intel Pentium M 1400MHz,208
Intel Pentium M 1500MHz,188
Intel Pentium M 1600MHz,193
Intel Pentium M 1700MHz,237
Intel Pentium M 2.00GHz,270
Intel Pentium M 2.10GHz,292
Intel Pentium M 2.13GHz,234
Intel Pentium M 2.26GHz,227
Intel Pentium M 900MHz,141
Intel Pentium N3510  1.99GHz,942
Intel Pentium N3520  2.16GHz,"1,144"
Intel Pentium N3530  2.16GHz,"1,163"
Intel Pentium N3540  2.16GHz,"1,205"
Intel Pentium N3700  1.60GHz,"1,248"
Intel Pentium N3710  1.60GHz,"1,386"
Intel Pentium N4200  1.10GHz,"2,155"
Intel Pentium N6415  1.20GHz,"2,713"
Intel Pentium P6000  1.87GHz,830
Intel Pentium P6100  2.00GHz,880
Intel Pentium P6200  2.13GHz,932
Intel Pentium P6300  2.27GHz,917
Intel Pentium Silver A1030  2.00GHz,"1,380"
Intel Pentium Silver J5005  1.50GHz,"3,123"
Intel Pentium Silver J5040  2.00GHz,"3,252"
Intel Pentium Silver N5000  1.10GHz,"2,599"
Intel Pentium Silver N5020  1.10GHz,"3,404"
Intel Pentium Silver N5030  1.10GHz,"2,543"
Intel Pentium Silver N6000  1.10GHz,"2,994"
Intel Pentium Silver N6005  2.00GHz,"5,253"
Intel Pentium SU2700  1.30GHz,253
Intel Pentium SU4100  1.30GHz,501
Intel Pentium T2060  1.60GHz,330
Intel Pentium T2080  1.73GHz,341
Intel Pentium T2130  1.86GHz,382
Intel Pentium T2310  1.46GHz,538
Intel Pentium T2330  1.60GHz,533
Intel Pentium T2370  1.73GHz,558
Intel Pentium T2390  1.86GHz,540
Intel Pentium T2410  2.00GHz,566
Intel Pentium T3200  2.00GHz,669
Intel Pentium T3400  2.16GHz,664
Intel Pentium T4200  2.00GHz,725
Intel Pentium T4300  2.10GHz,782
Intel Pentium T4400  2.20GHz,784
Intel Pentium T4500  2.30GHz,843
Intel Pentium U5400  1.20GHz,552
Intel Pentium U5600  1.33GHz,624
Intel T1400  1.73GHz,548
Intel T1500  1.86GHz,548
Intel T2050  2.00GHz,516
Intel U300,"8,566"
Intel U300E,"8,142"
Intel U300L,"7,692"
Intel U4100  1.30GHz,610
Intel Ultra 5 115U,"12,381"
Intel Xeon 2.00GHz,152
Intel XEON 2.20GHz,164
Intel Xeon 2.40GHz,180
Intel Xeon 2.80GHz,260
Intel Xeon 3.00GHz,425
Intel Xeon 3.20GHz,478
Intel Xeon 3.40GHz,389
Intel Xeon 3.60GHz,403
Intel Xeon 3.73GHz,917
Intel Xeon 3.80GHz,393
Intel Xeon 3040  1.86GHz,790
Intel Xeon 3050  2.13GHz,818
Intel Xeon 3060  2.40GHz,983
Intel Xeon 3065  2.33GHz,867
Intel Xeon 3070  2.66GHz,"1,025"
Intel Xeon 3075  2.66GHz,"1,112"
Intel Xeon 3085  3.00GHz,"1,070"
Intel Xeon 5110  1.60GHz,405
Intel Xeon 5120  1.86GHz,763
Intel Xeon 5130  2.00GHz,795
Intel Xeon 5133  2.20GHz,887
Intel Xeon 5140  2.33GHz,857
Intel Xeon 5148  2.33GHz,912
Intel Xeon 5150  2.66GHz,880
Intel Xeon 5160  3.00GHz,963
Intel Xeon 6315P,"11,105"
Intel Xeon 6325P,"16,346"
Intel Xeon 6333P,"18,751"
Intel Xeon 6337P,"20,917"
Intel Xeon 6349P,"25,953"
Intel Xeon 6353P,"27,077"
Intel Xeon 6357P,"30,401"
Intel Xeon 6369P,"27,283"
Intel Xeon 6505P,"38,264"
Intel Xeon 6507P,"31,233"
Intel Xeon 6511P,"51,286"
Intel Xeon 6515P,"40,720"
Intel Xeon 6517P,"49,876"
Intel Xeon 6521P,"64,801"
Intel Xeon 6710E,"61,404"
Intel Xeon 6730P,"74,113"
Intel Xeon 6736P,"50,072"
Intel Xeon 6737P,"79,634"
Intel Xeon 6740E,"76,167"
Intel Xeon 6740P,"90,684"
Intel Xeon 6741P,"100,660"
Intel Xeon 6747P,"100,964"
Intel Xeon 6780E,"86,734"
Intel Xeon 6781P,"117,946"
Intel Xeon 6960P,"130,659"
Intel Xeon  2.00GHz,"7,363"
Intel Xeon  2.20GHz,"1,324"
Intel Xeon Bronze 3104  1.70GHz,"4,383"
Intel Xeon Bronze 3106  1.70GHz,"5,766"
Intel Xeon Bronze 3204  1.90GHz,"4,797"
Intel Xeon Bronze 3408U,"9,969"
Intel Xeon Bronze 3508U,"11,248"
Intel Xeon D 1518  2.20GHz,"4,562"
Intel Xeon D 1520  2.20GHz,"4,917"
Intel Xeon D 1521  2.40GHz,"5,703"
Intel Xeon D 1527  2.20GHz,"5,213"
Intel Xeon D 1528  1.90GHz,"6,823"
Intel Xeon D 1531  2.20GHz,"7,592"
Intel Xeon D 1537  1.70GHz,"7,444"
Intel Xeon D 1539  1.60GHz,"7,572"
Intel Xeon D 1540  2.00GHz,"10,037"
Intel Xeon D 1541  2.10GHz,"9,986"
Intel Xeon D 1548  2.00GHz,"9,075"
Intel Xeon D 1557  1.50GHz,"9,285"
Intel Xeon D 1559  1.50GHz,"8,015"
Intel Xeon D 1567  2.10GHz,"10,447"
Intel Xeon D 1577  1.30GHz,"11,645"
Intel Xeon D 1581  1.80GHz,"13,173"
Intel Xeon D 1587  1.70GHz,"13,630"
Intel Xeon D 1602  2.50GHz,"2,459"
Intel Xeon D 1622  2.60GHz,"6,205"
Intel Xeon D 1712TR  2.00GHz,"8,155"
Intel Xeon D 1715TER  2.40GHz,"9,104"
Intel Xeon D 1718T  2.60GHz,"9,674"
Intel Xeon D 1726  2.90GHz,"15,511"
Intel Xeon D 1732TE  1.90GHz,"14,254"
Intel Xeon D 1733NT  2.00GHz,"14,849"
Intel Xeon D 1736NT  2.70GHz,"17,826"
Intel Xeon D 1746TER  2.00GHz,"15,660"
Intel Xeon D 1747NTE  2.50GHz,"20,279"
Intel Xeon D 1813NT  2.20GHz,"7,732"
Intel Xeon D 1823NT  2.80GHz,"13,673"
Intel Xeon D 1848TER  2.00GHz,"16,952"
Intel Xeon D 2123IT  2.20GHz,"6,689"
Intel Xeon D 2141I  2.20GHz,"11,886"
Intel Xeon D 2143IT  2.20GHz,"12,116"
Intel Xeon D 2146NT  2.30GHz,"11,736"
Intel Xeon D 2166NT  2.00GHz,"15,105"
Intel Xeon D 2183IT  2.20GHz,"19,377"
Intel Xeon D 2187NT  2.00GHz,"18,070"
Intel Xeon D 2712T  1.90GHz,"7,990"
Intel Xeon D 2733NT  2.10GHz,"16,206"
Intel Xeon D 2752TER  1.80GHz,"19,074"
Intel Xeon D 2753NT  2.00GHz,"20,626"
Intel Xeon D 2766NT  2.00GHz,"24,013"
Intel Xeon D 2775TE  2.00GHz,"27,299"
Intel Xeon D 2795NT  2.00GHz,"28,463"
Intel Xeon D 2796TE  2.00GHz,"26,342"
Intel Xeon D 2799  2.40GHz,"33,792"
Intel Xeon E E 2414,"11,946"
Intel Xeon E E 2434,"14,949"
Intel Xeon E E 2486,"23,605"
Intel Xeon E 2104G  3.20GHz,"5,860"
Intel Xeon E 2124  3.30GHz,"6,912"
Intel Xeon E 2124G  3.40GHz,"7,227"
Intel Xeon E 2126G  3.30GHz,"10,372"
Intel Xeon E 2134  3.50GHz,"9,356"
Intel Xeon E 2136  3.30GHz,"13,166"
Intel Xeon E 2144G  3.60GHz,"9,397"
Intel Xeon E 2146G  3.50GHz,"13,240"
Intel Xeon E 2174G  3.80GHz,"9,600"
Intel Xeon E 2176G  3.70GHz,"13,590"
Intel Xeon E 2176M  2.70GHz,"10,806"
Intel Xeon E 2186G  3.80GHz,"13,610"
Intel Xeon E 2186M  2.90GHz,"11,290"
Intel Xeon E 2224  3.40GHz,"7,219"
Intel Xeon E 2224G  3.50GHz,"7,569"
Intel Xeon E 2226G  3.40GHz,"11,174"
Intel Xeon E 2226GE  3.40GHz,"9,090"
Intel Xeon E 2234  3.60GHz,"9,473"
Intel Xeon E 2236  3.40GHz,"13,894"
Intel Xeon E 2244G  3.80GHz,"9,651"
Intel Xeon E 2246G  3.60GHz,"13,832"
Intel Xeon E 2254ML  1.70GHz,"6,333"
Intel Xeon E 2274G  4.00GHz,"9,789"
Intel Xeon E 2276G  3.80GHz,"14,034"
Intel Xeon E 2276M  2.80GHz,"11,652"
Intel Xeon E 2276ME  2.80GHz,"8,167"
Intel Xeon E 2276ML  2.00GHz,"6,353"
Intel Xeon E 2278G  3.40GHz,"16,825"
Intel Xeon E 2278GE  3.30GHz,"15,956"
Intel Xeon E 2278GEL  2.00GHz,"12,024"
Intel Xeon E 2286G  4.00GHz,"14,057"
Intel Xeon E 2286M  2.40GHz,"15,120"
Intel Xeon E 2288G  3.70GHz,"17,451"
Intel Xeon E 2314  2.80GHz,"7,795"
Intel Xeon E 2324G  3.10GHz,"10,339"
Intel Xeon E 2334  3.40GHz,"12,364"
Intel Xeon E 2336  2.90GHz,"16,136"
Intel Xeon E 2356G  3.20GHz,"18,459"
Intel Xeon E 2374G  3.70GHz,"13,726"
Intel Xeon E 2378  2.60GHz,"17,069"
Intel Xeon E 2378G  2.80GHz,"21,153"
Intel Xeon E 2386G  3.50GHz,"19,506"
Intel Xeon E 2388G  3.20GHz,"23,581"
Intel Xeon E 2436,"21,708"
Intel Xeon E 2456,"20,339"
Intel Xeon E 2468,"26,652"
Intel Xeon E 2478,"27,776"
Intel Xeon E 2488,"31,962"
Intel Xeon E3 1205 v6  3.00GHz,"5,682"
Intel Xeon E3 1220  3.10GHz,"3,859"
Intel Xeon E3 1220 V2  3.10GHz,"4,679"
Intel Xeon E3 1220 v3  3.10GHz,"5,178"
Intel Xeon E3 1220 v5  3.00GHz,"5,731"
Intel Xeon E3 1220 v6  3.00GHz,"5,603"
Intel Xeon E3 1220L  2.20GHz,"2,263"
Intel Xeon E3 1220L V2  2.30GHz,"2,397"
Intel Xeon E3 1220L v3  1.10GHz,"1,407"
Intel Xeon E3 1225  3.10GHz,"3,903"
Intel Xeon E3 1225 V2  3.20GHz,"4,705"
Intel Xeon E3 1225 v3  3.20GHz,"5,324"
Intel Xeon E3 1225 v5  3.30GHz,"5,951"
Intel Xeon E3 1225 v6  3.30GHz,"5,719"
Intel Xeon E3 1226 v3  3.30GHz,"5,528"
Intel Xeon E3 1230  3.20GHz,"5,142"
Intel Xeon E3 1230 V2  3.30GHz,"6,188"
Intel Xeon E3 1230 v3  3.30GHz,"6,835"
Intel Xeon E3 1230 v5  3.40GHz,"8,009"
Intel Xeon E3 1230 v6  3.50GHz,"8,120"
Intel Xeon E3 1230L v3  1.80GHz,"5,282"
Intel Xeon E3 1231 v3  3.40GHz,"7,034"
Intel Xeon E3 1235  3.20GHz,"5,112"
Intel Xeon E3 1235L v5  2.00GHz,"5,013"
Intel Xeon E3 1240  3.30GHz,"5,359"
Intel Xeon E3 1240 V2  3.40GHz,"6,384"
Intel Xeon E3 1240 v3  3.40GHz,"6,995"
Intel Xeon E3 1240 v5  3.50GHz,"8,260"
Intel Xeon E3 1240 v6  3.70GHz,"8,731"
Intel Xeon E3 1240L v3  2.00GHz,"5,681"
Intel Xeon E3 1240L v5  2.10GHz,"6,547"
Intel Xeon E3 1241 v3  3.50GHz,"7,161"
Intel Xeon E3 1245  3.30GHz,"5,346"
Intel Xeon E3 1245 V2  3.40GHz,"6,354"
Intel Xeon E3 1245 v3  3.40GHz,"7,034"
Intel Xeon E3 1245 v5  3.50GHz,"8,051"
Intel Xeon E3 1245 v6  3.70GHz,"8,738"
Intel Xeon E3 1246 v3  3.50GHz,"7,232"
Intel Xeon E3 1260L  2.40GHz,"4,076"
Intel Xeon E3 1260L v5  2.90GHz,"8,237"
Intel Xeon E3 1265L  2.40GHz,"3,912"
Intel Xeon E3 1265L V2  2.50GHz,"5,040"
Intel Xeon E3 1265L v3  2.50GHz,"6,184"
Intel Xeon E3 1265L v4  2.30GHz,"6,954"
Intel Xeon E3 1268L v3  2.30GHz,"5,574"
Intel Xeon E3 1268L v5  2.40GHz,"6,334"
Intel Xeon E3 1270  3.40GHz,"5,375"
Intel Xeon E3 1270 V2  3.50GHz,"6,494"
Intel Xeon E3 1270 v3  3.50GHz,"7,233"
Intel Xeon E3 1270 v5  3.60GHz,"8,321"
Intel Xeon E3 1270 v6  3.80GHz,"8,932"
Intel Xeon E3 1270L v4  3.00GHz,"7,662"
Intel Xeon E3 1271 v3  3.60GHz,"7,504"
Intel Xeon E3 1275  3.40GHz,"5,498"
Intel Xeon E3 1275 V2  3.50GHz,"6,643"
Intel Xeon E3 1275 v3  3.50GHz,"7,220"
Intel Xeon E3 1275 v5  3.60GHz,"8,288"
Intel Xeon E3 1275 v6  3.80GHz,"9,202"
Intel Xeon E3 1275L v3  2.70GHz,"6,327"
Intel Xeon E3 1276 v3  3.60GHz,"7,543"
Intel Xeon E3 1280  3.50GHz,"5,612"
Intel Xeon E3 1280 V2  3.60GHz,"6,617"
Intel Xeon E3 1280 v3  3.60GHz,"7,252"
Intel Xeon E3 1280 v5  3.70GHz,"8,254"
Intel Xeon E3 1280 v6  3.90GHz,"9,093"
Intel Xeon E3 1281 v3  3.70GHz,"7,581"
Intel Xeon E3 1285 v3  3.60GHz,"7,211"
Intel Xeon E3 1285 v4  3.50GHz,"7,735"
Intel Xeon E3 1285 v6  4.10GHz,"9,502"
Intel Xeon E3 1285L v3  3.10GHz,"6,874"
Intel Xeon E3 1285L v4  3.40GHz,"8,089"
Intel Xeon E3 1286 v3  3.70GHz,"7,879"
Intel Xeon E3 1286L v3  3.20GHz,"6,929"
Intel Xeon E3 1290  3.60GHz,"5,429"
Intel Xeon E3 1290 V2  3.70GHz,"6,354"
Intel Xeon E3 1505L v5  2.00GHz,"5,083"
Intel Xeon E3 1505L v6  2.20GHz,"5,882"
Intel Xeon E3 1505M v5  2.80GHz,"6,991"
Intel Xeon E3 1505M v6  3.00GHz,"7,436"
Intel Xeon E3 1515M v5  2.80GHz,"5,925"
Intel Xeon E3 1535M v5  2.90GHz,"7,471"
Intel Xeon E3 1535M v6  3.10GHz,"8,074"
Intel Xeon E3 1545M v5  2.90GHz,"7,633"
Intel Xeon E3 1565L v5  2.50GHz,"7,325"
Intel Xeon E3 1575M v5  3.00GHz,"7,727"
Intel Xeon E3 1585 v5  3.50GHz,"8,408"
Intel Xeon E3 1585L v5  3.00GHz,"7,959"
Intel Xeon E3110  3.00GHz,"1,295"
Intel Xeon E3113  3.00GHz,"1,429"
Intel Xeon E3120  3.16GHz,"1,408"
Intel Xeon E5 1410  2.80GHz,"4,852"
Intel Xeon E5 1410 v2  2.80GHz,"5,715"
Intel Xeon E5 1428L v2  2.20GHz,"6,255"
Intel Xeon E5 1603  2.80GHz,"3,482"
Intel Xeon E5 1603 v3  2.80GHz,"4,458"
Intel Xeon E5 1603 v4  2.80GHz,"4,703"
Intel Xeon E5 1607  3.00GHz,"3,782"
Intel Xeon E5 1607 v2  3.00GHz,"4,141"
Intel Xeon E5 1607 v3  3.10GHz,"4,956"
Intel Xeon E5 1607 v4  3.10GHz,"5,197"
Intel Xeon E5 1620  3.60GHz,"5,847"
Intel Xeon E5 1620 v2  3.70GHz,"6,531"
Intel Xeon E5 1620 v3  3.50GHz,"6,958"
Intel Xeon E5 1620 v4  3.50GHz,"7,337"
Intel Xeon E5 1630 v3  3.70GHz,"7,419"
Intel Xeon E5 1630 v4  3.70GHz,"7,564"
Intel Xeon E5 1650  3.20GHz,"8,075"
Intel Xeon E5 1650 v2  3.50GHz,"9,293"
Intel Xeon E5 1650 v3  3.50GHz,"10,387"
Intel Xeon E5 1650 v4  3.60GHz,"11,360"
Intel Xeon E5 1660  3.30GHz,"8,324"
Intel Xeon E5 1660 v2  3.70GHz,"10,332"
Intel Xeon E5 1660 v3  3.00GHz,"12,582"
Intel Xeon E5 1660 v4  3.20GHz,"13,341"
Intel Xeon E5 1680 v2  3.00GHz,"12,410"
Intel Xeon E5 1680 v3  3.20GHz,"13,273"
Intel Xeon E5 1680 v4  3.40GHz,"14,242"
Intel Xeon E5 1681 v3  2.90GHz,"14,820"
Intel Xeon E5 2403  1.80GHz,"2,367"
Intel Xeon E5 2403 v2  1.80GHz,"2,672"
Intel Xeon E5 2407  2.20GHz,"2,675"
Intel Xeon E5 2407 v2  2.40GHz,"3,335"
Intel Xeon E5 2418L  2.00GHz,"3,518"
Intel Xeon E5 2418L v2  2.00GHz,"5,380"
Intel Xeon E5 2420  1.90GHz,"5,012"
Intel Xeon E5 2420 v2  2.20GHz,"6,349"
Intel Xeon E5 2430  2.20GHz,"5,745"
Intel Xeon E5 2430 v2  2.50GHz,"6,859"
Intel Xeon E5 2430L  2.00GHz,"5,300"
Intel Xeon E5 2430L v2  2.40GHz,"6,190"
Intel Xeon E5 2440  2.40GHz,"6,091"
Intel Xeon E5 2440 v2  1.90GHz,"7,473"
Intel Xeon E5 2448L v2  1.80GHz,"6,774"
Intel Xeon E5 2450  2.10GHz,"7,534"
Intel Xeon E5 2450 v2  2.50GHz,"9,057"
Intel Xeon E5 2450L  1.80GHz,"6,047"
Intel Xeon E5 2470  2.30GHz,"8,300"
Intel Xeon E5 2470 v2  2.40GHz,"10,701"
Intel Xeon E5 2603  1.80GHz,"2,325"
Intel Xeon E5 2603 v2  1.80GHz,"2,735"
Intel Xeon E5 2603 v3  1.60GHz,"3,825"
Intel Xeon E5 2603 v4  1.70GHz,"4,517"
Intel Xeon E5 2608L v3  2.00GHz,"6,415"
Intel Xeon E5 2608L v4  1.60GHz,"7,447"
Intel Xeon E5 2609  2.40GHz,"2,943"
Intel Xeon E5 2609 v2  2.50GHz,"3,369"
Intel Xeon E5 2609 v3  1.90GHz,"4,465"
Intel Xeon E5 2609 v4  1.70GHz,"5,418"
Intel Xeon E5 2618L v3  2.30GHz,"11,310"
Intel Xeon E5 2618L v4  2.20GHz,"12,429"
Intel Xeon E5 2620  2.00GHz,"5,324"
Intel Xeon E5 2620 v2  2.10GHz,"6,251"
Intel Xeon E5 2620 v3  2.40GHz,"7,746"
Intel Xeon E5 2620 v4  2.10GHz,"9,292"
Intel Xeon E5 2623 v3  3.00GHz,"6,652"
Intel Xeon E5 2623 v4  2.60GHz,"6,903"
Intel Xeon E5 2628 v3  2.50GHz,"8,447"
Intel Xeon E5 2628L v2  1.90GHz,"7,181"
Intel Xeon E5 2628L v3  2.00GHz,"9,949"
Intel Xeon E5 2628L v4  1.90GHz,"11,079"
Intel Xeon E5 2629 v3  2.40GHz,"9,139"
Intel Xeon E5 2630  2.30GHz,"6,082"
Intel Xeon E5 2630 v2  2.60GHz,"7,495"
Intel Xeon E5 2630 v3  2.40GHz,"10,271"
Intel Xeon E5 2630 v4  2.20GHz,"11,443"
Intel Xeon E5 2630L  2.00GHz,"5,305"
Intel Xeon E5 2630L v2  2.40GHz,"6,640"
Intel Xeon E5 2630L v3  1.80GHz,"8,661"
Intel Xeon E5 2630L v4  1.80GHz,"9,966"
Intel Xeon E5 2637  3.00GHz,"2,978"
Intel Xeon E5 2637 v2  3.50GHz,"6,492"
Intel Xeon E5 2637 v3  3.50GHz,"7,252"
Intel Xeon E5 2637 v4  3.50GHz,"7,460"
Intel Xeon E5 2640  2.50GHz,"6,302"
Intel Xeon E5 2640 v2  2.00GHz,"7,625"
Intel Xeon E5 2640 v3  2.60GHz,"11,044"
Intel Xeon E5 2640 v4  2.40GHz,"12,474"
Intel Xeon E5 2643  3.30GHz,"5,228"
Intel Xeon E5 2643 v2  3.50GHz,"9,172"
Intel Xeon E5 2643 v3  3.40GHz,"10,276"
Intel Xeon E5 2643 v4  3.40GHz,"11,075"
Intel Xeon E5 2648L  1.80GHz,"5,262"
Intel Xeon E5 2648L v2  1.90GHz,"8,828"
Intel Xeon E5 2648L v3  1.80GHz,"9,847"
Intel Xeon E5 2648L v4  1.80GHz,"11,839"
Intel Xeon E5 2649 v3  2.30GHz,"12,399"
Intel Xeon E5 2650  2.00GHz,"7,349"
Intel Xeon E5 2650 v2  2.60GHz,"9,792"
Intel Xeon E5 2650 v3  2.30GHz,"11,690"
Intel Xeon E5 2650 v4  2.20GHz,"13,300"
Intel Xeon E5 2650L  1.80GHz,"6,055"
Intel Xeon E5 2650L v2  1.70GHz,"7,612"
Intel Xeon E5 2650L v3  1.80GHz,"11,865"
Intel Xeon E5 2650L v4  1.70GHz,"12,734"
Intel Xeon E5 2651 v2  1.80GHz,"9,551"
Intel Xeon E5 2658  2.10GHz,"6,232"
Intel Xeon E5 2658 v2  2.40GHz,"10,575"
Intel Xeon E5 2658 v3  2.20GHz,"13,487"
Intel Xeon E5 2658 v4  2.30GHz,"14,434"
Intel Xeon E5 2658A v3  2.20GHz,"14,879"
Intel Xeon E5 2660  2.20GHz,"8,067"
Intel Xeon E5 2660 v2  2.20GHz,"10,350"
Intel Xeon E5 2660 v3  2.60GHz,"13,049"
Intel Xeon E5 2660 v4  2.00GHz,"15,624"
Intel Xeon E5 2663 v3  2.80GHz,"11,777"
Intel Xeon E5 2665  2.40GHz,"8,293"
Intel Xeon E5 2666 v3  2.90GHz,"14,046"
Intel Xeon E5 2666 v4  2.80GHz,"17,958"
Intel Xeon E5 2667  2.90GHz,"7,442"
Intel Xeon E5 2667 v2  3.30GHz,"12,191"
Intel Xeon E5 2667 v3  3.20GHz,"12,474"
Intel Xeon E5 2667 v4  3.20GHz,"13,780"
Intel Xeon E5 2669 v3  2.30GHz,"16,107"
Intel Xeon E5 2670  2.60GHz,"8,899"
Intel Xeon E5 2670 v2  2.50GHz,"11,342"
Intel Xeon E5 2670 v3  2.30GHz,"13,493"
Intel Xeon E5 2673 v2  3.30GHz,"12,331"
Intel Xeon E5 2673 v3  2.40GHz,"13,996"
Intel Xeon E5 2673 v4  2.30GHz,"21,277"
Intel Xeon E5 2675 v3  1.80GHz,"13,180"
Intel Xeon E5 2676 v3  2.40GHz,"13,186"
Intel Xeon E5 2676 v4  2.40GHz,"18,978"
Intel Xeon E5 2678 v3  2.50GHz,"14,662"
Intel Xeon E5 2679 v4  2.50GHz,"24,131"
Intel Xeon E5 2680  2.70GHz,"9,324"
Intel Xeon E5 2680 v2  2.80GHz,"12,678"
Intel Xeon E5 2680 v3  2.50GHz,"14,857"
Intel Xeon E5 2680 v4  2.40GHz,"17,314"
Intel Xeon E5 2680R v4  2.40GHz,"17,487"
Intel Xeon E5 2682 v4  2.50GHz,"18,716"
Intel Xeon E5 2683 v3  2.00GHz,"14,697"
Intel Xeon E5 2683 v4  2.10GHz,"17,467"
Intel Xeon E5 2685 v3  2.60GHz,"12,944"
Intel Xeon E5 2686 v3  2.00GHz,"18,148"
Intel Xeon E5 2686 v4  2.30GHz,"19,860"
Intel Xeon E5 2687W  3.10GHz,"10,040"
Intel Xeon E5 2687W v2  3.40GHz,"12,301"
Intel Xeon E5 2687W v3  3.10GHz,"14,540"
Intel Xeon E5 2687W v4  3.00GHz,"17,596"
Intel Xeon E5 2689  2.60GHz,"9,478"
Intel Xeon E5 2689 v4  3.10GHz,"17,084"
Intel Xeon E5 2690  2.90GHz,"9,771"
Intel Xeon E5 2690 v2  3.00GHz,"13,373"
Intel Xeon E5 2690 v3  2.60GHz,"16,060"
Intel Xeon E5 2690 v4  2.60GHz,"19,263"
Intel Xeon E5 2692 v2  2.20GHz,"12,119"
Intel Xeon E5 2695 v2  2.40GHz,"13,380"
Intel Xeon E5 2695 v3  2.30GHz,"16,551"
Intel Xeon E5 2695 v4  2.10GHz,"18,840"
Intel Xeon E5 2696 v2  2.50GHz,"14,079"
Intel Xeon E5 2696 v3  2.30GHz,"21,463"
Intel Xeon E5 2696 v4  2.20GHz,"24,995"
Intel Xeon E5 2697 v2  2.70GHz,"14,277"
Intel Xeon E5 2697 v3  2.60GHz,"18,160"
Intel Xeon E5 2697 v4  2.30GHz,"20,965"
Intel Xeon E5 2697A v4  2.60GHz,"21,596"
Intel Xeon E5 2697R v4  2.30GHz,"20,843"
Intel Xeon E5 2698 v3  2.30GHz,"18,864"
Intel Xeon E5 2698 v4  2.20GHz,"22,765"
Intel Xeon E5 2698B v3  2.00GHz,"16,287"
Intel Xeon E5 2698R v4  2.20GHz,"25,605"
Intel Xeon E5 2699 v3  2.30GHz,"20,017"
Intel Xeon E5 2699 v4  2.20GHz,"24,677"
Intel Xeon E5 2699A v4  2.40GHz,"26,759"
Intel Xeon E5 2699C v4  2.20GHz,"21,113"
Intel Xeon E5 4603  2.00GHz,"3,391"
Intel Xeon E5 4607 v2  2.60GHz,"6,986"
Intel Xeon E5 4610  2.40GHz,"6,460"
Intel Xeon E5 4610 v3  1.70GHz,"7,229"
Intel Xeon E5 4617  2.90GHz,"6,298"
Intel Xeon E5 4620  2.20GHz,"6,635"
Intel Xeon E5 4620 v2  2.60GHz,"9,424"
Intel Xeon E5 4620 v3  2.00GHz,"10,525"
Intel Xeon E5 4627 v2  3.30GHz,"9,425"
Intel Xeon E5 4627 v3  2.60GHz,"11,344"
Intel Xeon E5 4627 v4  2.60GHz,"12,969"
Intel Xeon E5 4628L v4  1.80GHz,"11,503"
Intel Xeon E5 4640  2.40GHz,"7,012"
Intel Xeon E5 4640 v3  1.90GHz,"10,372"
Intel Xeon E5 4648 v3  1.70GHz,"9,061"
Intel Xeon E5 4650  2.70GHz,"8,599"
Intel Xeon E5 4650 v2  2.40GHz,"10,907"
Intel Xeon E5 4650 v3  2.10GHz,"10,838"
Intel Xeon E5 4650 v4  2.20GHz,"16,225"
Intel Xeon E5 4650L  2.60GHz,"8,533"
Intel Xeon E5 4655 v3  2.90GHz,"9,377"
Intel Xeon E5 4655 v4  2.50GHz,"10,912"
Intel Xeon E5 4657L v2  2.40GHz,"11,613"
Intel Xeon E5 4660 v3  2.10GHz,"14,167"
Intel Xeon E5 4660 v4  2.20GHz,"15,375"
Intel Xeon E5 4667 v3  2.00GHz,"15,397"
Intel Xeon E5 4667 v4  2.20GHz,"20,319"
Intel Xeon E5 4669 v3  2.10GHz,"17,430"
Intel Xeon E5 4669 v4  2.20GHz,"11,523"
Intel Xeon E5205  1.86GHz,838
Intel Xeon E5240  3.00GHz,"1,448"
Intel Xeon E5310  1.60GHz,"1,306"
Intel Xeon E5320  1.86GHz,"1,469"
Intel Xeon E5335  2.00GHz,"1,549"
Intel Xeon E5345  2.33GHz,"1,868"
Intel Xeon E5405  2.00GHz,"1,753"
Intel Xeon E5410  2.33GHz,"2,032"
Intel Xeon E5420  2.50GHz,"2,030"
Intel Xeon E5430  2.66GHz,"2,256"
Intel Xeon E5440  2.83GHz,"2,367"
Intel Xeon E5450  3.00GHz,"2,580"
Intel Xeon E5462  2.80GHz,"2,213"
Intel Xeon E5472  3.00GHz,"2,333"
Intel Xeon E5502  1.87GHz,837
Intel Xeon E5503  2.00GHz,804
Intel Xeon E5504  2.00GHz,"1,652"
Intel Xeon E5506  2.13GHz,"1,961"
Intel Xeon E5507  2.27GHz,"1,905"
Intel Xeon E5520  2.27GHz,"2,541"
Intel Xeon E5530  2.40GHz,"2,739"
Intel Xeon E5540  2.53GHz,"2,805"
Intel Xeon E5603  1.60GHz,"1,935"
Intel Xeon E5606  2.13GHz,"2,443"
Intel Xeon E5607  2.27GHz,"2,686"
Intel Xeon E5620  2.40GHz,"3,621"
Intel Xeon E5630  2.53GHz,"3,785"
Intel Xeon E5640  2.67GHz,"3,880"
Intel Xeon E5645  2.40GHz,"4,942"
Intel Xeon E5649  2.53GHz,"5,659"
Intel Xeon E7  2830  2.13GHz,"2,027"
Intel Xeon E7 4809 v2  1.90GHz,"16,471"
Intel Xeon E7 8880 v3  2.30GHz,"18,244"
Intel Xeon E7 8891 v3  2.80GHz,"21,615"
Intel Xeon E7320  2.13GHz,"1,469"
Intel Xeon Gold 5115  2.40GHz,"15,017"
Intel Xeon Gold 5117  2.00GHz,"16,897"
Intel Xeon Gold 5118  2.30GHz,"16,744"
Intel Xeon Gold 5120  2.20GHz,"18,132"
Intel Xeon Gold 5120T  2.20GHz,"18,127"
Intel Xeon Gold 5122  3.60GHz,"8,867"
Intel Xeon Gold 5215  2.20GHz,"16,304"
Intel Xeon Gold 5215  2.50GHz,"15,757"
Intel Xeon Gold 5217  3.00GHz,"15,429"
Intel Xeon Gold 5218  2.30GHz,"21,586"
Intel Xeon Gold 5218R  2.10GHz,"25,000"
Intel Xeon Gold 5218T  2.10GHz,"21,433"
Intel Xeon Gold 5220  2.20GHz,"24,154"
Intel Xeon Gold 5220R  2.20GHz,"30,372"
Intel Xeon Gold 5222  3.80GHz,"9,348"
Intel Xeon Gold 5315Y  3.20GHz,"20,477"
Intel Xeon Gold 5317  3.00GHz,"27,448"
Intel Xeon Gold 5318H  2.50GHz,"29,301"
Intel Xeon Gold 5318Y  2.10GHz,"33,139"
Intel Xeon Gold 5320  2.20GHz,"37,558"
Intel Xeon Gold 5320H  2.40GHz,"31,718"
Intel Xeon Gold 5412U,"52,218"
Intel Xeon Gold 5415+,"24,842"
Intel Xeon Gold 5416S,"35,515"
Intel Xeon Gold 5418Y,"45,660"
Intel Xeon Gold 5420+,"58,209"
Intel Xeon Gold 5512U,"60,348"
Intel Xeon Gold 5515+,"26,359"
Intel Xeon Gold 5520+,"61,227"
Intel Xeon Gold 6122  1.80GHz,"23,781"
Intel Xeon Gold 6126  2.60GHz,"17,492"
Intel Xeon Gold 6126T  2.60GHz,"20,827"
Intel Xeon Gold 6128  3.40GHz,"12,909"
Intel Xeon Gold 6130  2.10GHz,"21,490"
Intel Xeon Gold 6130T  2.10GHz,"21,804"
Intel Xeon Gold 6132  2.60GHz,"22,200"
Intel Xeon Gold 6134  3.20GHz,"16,519"
Intel Xeon Gold 6136  3.00GHz,"21,049"
Intel Xeon Gold 6137  3.90GHz,"19,365"
Intel Xeon Gold 6138  2.00GHz,"23,862"
Intel Xeon Gold 6138T  2.00GHz,"20,356"
Intel Xeon Gold 6140  2.30GHz,"23,927"
Intel Xeon Gold 6142  2.60GHz,"25,490"
Intel Xeon Gold 6143  2.80GHz,"24,786"
Intel Xeon Gold 6144  3.50GHz,"18,040"
Intel Xeon Gold 6146  3.20GHz,"22,595"
Intel Xeon Gold 6148  2.40GHz,"29,021"
Intel Xeon Gold 6150  2.70GHz,"26,447"
Intel Xeon Gold 6152  2.10GHz,"24,287"
Intel Xeon Gold 6154  3.00GHz,"27,457"
Intel Xeon Gold 6208U  2.90GHz,"24,480"
Intel Xeon Gold 6210U  2.50GHz,"28,861"
Intel Xeon Gold 6212U  2.40GHz,"27,470"
Intel Xeon Gold 6222V  1.80GHz,"24,254"
Intel Xeon Gold 6226  2.70GHz,"20,619"
Intel Xeon Gold 6226R  2.90GHz,"26,405"
Intel Xeon Gold 6230  2.10GHz,"26,076"
Intel Xeon Gold 6230R  2.10GHz,"32,591"
Intel Xeon Gold 6234  3.30GHz,"17,752"
Intel Xeon Gold 6238  2.10GHz,"29,118"
Intel Xeon Gold 6238R  2.20GHz,"34,751"
Intel Xeon Gold 6240  2.60GHz,"24,918"
Intel Xeon Gold 6240R  2.40GHz,"33,353"
Intel Xeon Gold 6242  2.80GHz,"24,994"
Intel Xeon Gold 6242R  3.10GHz,"36,032"
Intel Xeon Gold 6244  3.60GHz,"18,831"
Intel Xeon Gold 6246  3.30GHz,"22,571"
Intel Xeon Gold 6246R  3.40GHz,"30,468"
Intel Xeon Gold 6248  2.50GHz,"29,535"
Intel Xeon Gold 6248R  3.00GHz,"35,434"
Intel Xeon Gold 6250  3.90GHz,"20,552"
Intel Xeon Gold 6252  2.10GHz,"27,148"
Intel Xeon Gold 6253CL  3.10GHz,"28,549"
Intel Xeon Gold 6254  3.10GHz,"32,283"
Intel Xeon Gold 6256  3.60GHz,"25,334"
Intel Xeon Gold 6258R  2.70GHz,"40,252"
Intel Xeon Gold 6262  1.90GHz,"21,823"
Intel Xeon Gold 6266C  3.00GHz,"29,049"
Intel Xeon Gold 6268CL  2.80GHz,"34,558"
Intel Xeon Gold 6278C  2.60GHz,"32,835"
Intel Xeon Gold 6312U  2.40GHz,"42,443"
Intel Xeon Gold 6314U  2.30GHz,"48,916"
Intel Xeon Gold 6326  2.90GHz,"33,882"
Intel Xeon Gold 6330  2.00GHz,"42,072"
Intel Xeon Gold 6330N  2.20GHz,"36,360"
Intel Xeon Gold 6334  3.60GHz,"20,512"
Intel Xeon Gold 6336Y  2.40GHz,"45,517"
Intel Xeon Gold 6338  2.00GHz,"40,225"
Intel Xeon Gold 6338N  2.20GHz,"42,086"
Intel Xeon Gold 6338T  2.10GHz,"35,801"
Intel Xeon Gold 6342  2.80GHz,"47,076"
Intel Xeon Gold 6346  3.10GHz,"37,734"
Intel Xeon Gold 6348  2.60GHz,"51,843"
Intel Xeon Gold 6354  3.00GHz,"39,400"
Intel Xeon Gold 6414U,"57,200"
Intel Xeon Gold 6416H,"40,606"
Intel Xeon Gold 6418H,"51,711"
Intel Xeon Gold 6421N,"58,797"
Intel Xeon Gold 6423N,"57,434"
Intel Xeon Gold 6426Y,"37,944"
Intel Xeon Gold 6430,"53,965"
Intel Xeon Gold 6434,"28,111"
Intel Xeon Gold 6438N,"52,789"
Intel Xeon Gold 6438Y+,"62,660"
Intel Xeon Gold 6442Y,"58,534"
Intel Xeon Gold 6444Y,"47,176"
Intel Xeon Gold 6448H,"70,292"
Intel Xeon Gold 6448Y,"60,449"
Intel Xeon Gold 6450C,"38,571"
Intel Xeon Gold 6526Y,"44,298"
Intel Xeon Gold 6530,"42,826"
Intel Xeon Gold 6534,"29,786"
Intel Xeon Gold 6538N,"44,895"
Intel Xeon Gold 6542Y,"60,144"
Intel Xeon Gold 6544Y,"51,181"
Intel Xeon Gold 6548Y+,"73,387"
Intel Xeon Gold 6554S,"50,777"
Intel Xeon L3110  3.00GHz,"1,338"
Intel Xeon L3360  2.83GHz,"2,412"
Intel Xeon L3406  2.27GHz,"1,104"
Intel Xeon L3426  1.87GHz,"2,742"
Intel Xeon L5240  3.00GHz,"1,337"
Intel Xeon L5310  1.60GHz,"1,385"
Intel Xeon L5320  1.86GHz,"1,118"
Intel Xeon L5335  2.00GHz,"1,737"
Intel Xeon L5408  2.13GHz,"1,769"
Intel Xeon L5410  2.33GHz,"1,853"
Intel Xeon L5420  2.50GHz,"2,143"
Intel Xeon L5430  2.66GHz,"2,260"
Intel Xeon L5520  2.27GHz,"2,274"
Intel Xeon L5530  2.40GHz,"2,522"
Intel Xeon L5609  1.87GHz,"3,298"
Intel Xeon L5630  2.13GHz,"3,048"
Intel Xeon L5638  2.00GHz,"3,707"
Intel Xeon L5639  2.13GHz,"4,419"
Intel Xeon L5640  2.27GHz,"4,659"
Intel Xeon L7455  2.13GHz,"2,494"
Intel Xeon Max 9480,"82,913"
Intel Xeon MV 3.20GHz,756
Intel Xeon Phi 7210  1.30GHz,"7,306"
Intel Xeon Phi 7290  1.50GHz,"17,839"
Intel Xeon Platinum 8124M  3.00GHz,"25,350"
Intel Xeon Platinum 8151  3.40GHz,"16,208"
Intel Xeon Platinum 8160  2.10GHz,"29,273"
Intel Xeon Platinum 8167M  2.00GHz,"24,751"
Intel Xeon Platinum 8168  2.70GHz,"32,373"
Intel Xeon Platinum 8171M  2.60GHz,"29,613"
Intel Xeon Platinum 8173M  2.00GHz,"28,025"
Intel Xeon Platinum 8175M  2.50GHz,"26,659"
Intel Xeon Platinum 8176  2.10GHz,"23,179"
Intel Xeon Platinum 8180  2.50GHz,"38,259"
Intel Xeon Platinum 8180M  2.50GHz,"30,313"
Intel Xeon Platinum 8252C  3.80GHz,"28,147"
Intel Xeon Platinum 8259CL  2.50GHz,"31,403"
Intel Xeon Platinum 8260  2.40GHz,"30,720"
Intel Xeon Platinum 8260C  2.40GHz,"34,420"
Intel Xeon Platinum 8260M  2.30GHz,"33,970"
Intel Xeon Platinum 8260M  2.40GHz,"34,592"
Intel Xeon Platinum 8268  2.90GHz,"35,081"
Intel Xeon Platinum 8270  2.70GHz,"33,602"
Intel Xeon Platinum 8273CL  2.20GHz,"37,320"
Intel Xeon Platinum 8275CL  3.00GHz,"40,794"
Intel Xeon Platinum 8280  2.70GHz,"36,830"
Intel Xeon Platinum 8280M  2.70GHz,"37,665"
Intel Xeon Platinum 8347C  2.10GHz,"49,386"
Intel Xeon Platinum 8358  2.60GHz,"54,416"
Intel Xeon Platinum 8360Y  2.40GHz,"54,078"
Intel Xeon Platinum 8362  2.80GHz,"56,787"
Intel Xeon Platinum 8368Q  2.60GHz,"46,681"
Intel Xeon Platinum 8375C  2.90GHz,"56,202"
Intel Xeon Platinum 8380  2.30GHz,"62,318"
Intel Xeon Platinum 8454H,"62,347"
Intel Xeon Platinum 8461V,"74,982"
Intel Xeon Platinum 8470 2.00GHz,"89,850"
Intel Xeon Platinum 8475B,"3,280"
Intel Xeon Platinum 8481C  2.70GHz,"11,681"
Intel Xeon Platinum 8488C,"88,667"
Intel Xeon Platinum 8562Y+,"50,189"
Intel Xeon Platinum 8568Y+,"79,683"
Intel Xeon Platinum 8570,"93,722"
Intel Xeon Platinum 8571N,"68,385"
Intel Xeon Platinum 8575C,"3,342"
Intel Xeon Platinum 8581C  2.30GHz,"8,040"
Intel Xeon Platinum 8592+,"84,013"
Intel Xeon Platinum P 8124  3.00GHz,"22,674"
Intel Xeon Silver 4108  1.80GHz,"9,177"
Intel Xeon Silver 4109T  2.00GHz,"10,348"
Intel Xeon Silver 4110  2.10GHz,"10,312"
Intel Xeon Silver 4112  2.60GHz,"6,512"
Intel Xeon Silver 4114  2.20GHz,"13,097"
Intel Xeon Silver 4116  2.10GHz,"14,918"
Intel Xeon Silver 4116T  2.10GHz,"15,187"
Intel Xeon Silver 4123  3.00GHz,"14,405"
Intel Xeon Silver 4208  2.10GHz,"11,040"
Intel Xeon Silver 4209T  2.20GHz,"11,080"
Intel Xeon Silver 4210  2.20GHz,"13,672"
Intel Xeon Silver 4210R  2.40GHz,"15,188"
Intel Xeon Silver 4214  2.20GHz,"16,472"
Intel Xeon Silver 4214R  2.40GHz,"17,606"
Intel Xeon Silver 4214Y  2.20GHz,"16,442"
Intel Xeon Silver 4215  2.50GHz,"13,728"
Intel Xeon Silver 4215R  3.20GHz,"14,683"
Intel Xeon Silver 4216  2.10GHz,"20,915"
Intel Xeon Silver 4216R  2.20GHz,"24,027"
Intel Xeon Silver 4309Y  2.80GHz,"18,718"
Intel Xeon Silver 4310  2.10GHz,"21,903"
Intel Xeon Silver 4310T  2.30GHz,"20,665"
Intel Xeon Silver 4314  2.40GHz,"29,095"
Intel Xeon Silver 4316  2.30GHz,"32,556"
Intel Xeon Silver 4410T,"27,245"
Intel Xeon Silver 4410Y,"24,895"
Intel Xeon Silver 4416+,"44,140"
Intel Xeon Silver 4509Y,"18,749"
Intel Xeon Silver 4510,"33,052"
Intel Xeon Silver 4510T,"29,119"
Intel Xeon Silver 4514Y,"30,452"
Intel Xeon W 10855M  2.80GHz,"12,343"
Intel Xeon W 10885M  2.40GHz,"15,438"
Intel Xeon W 11155MLE  1.80GHz,"8,502"
Intel Xeon W 11555MLE  1.90GHz,"11,670"
Intel Xeon W 11555MRE  2.60GHz,"17,484"
Intel Xeon W 11855M  3.20GHz,"17,645"
Intel Xeon W 11865MLE  1.50GHz,"15,917"
Intel Xeon W 11865MRE  2.60GHz,"19,589"
Intel Xeon W 11955M  2.60GHz,"21,726"
Intel Xeon W 1250  3.30GHz,"13,661"
Intel Xeon W 1250E  3.50GHz,"12,039"
Intel Xeon W 1250P  4.10GHz,"14,162"
Intel Xeon W 1270  3.40GHz,"17,497"
Intel Xeon W 1270E  3.40GHz,"18,635"
Intel Xeon W 1270P  3.80GHz,"17,870"
Intel Xeon W 1270TE  2.00GHz,"13,553"
Intel Xeon W 1290  3.20GHz,"20,112"
Intel Xeon W 1290E  3.50GHz,"19,060"
Intel Xeon W 1290P  3.70GHz,"22,373"
Intel Xeon W 1290T  1.90GHz,"18,409"
Intel Xeon W 1290TE  1.80GHz,"14,505"
Intel Xeon W 1350  3.30GHz,"18,757"
Intel Xeon W 1350P  4.00GHz,"19,611"
Intel Xeon W 1370  2.90GHz,"22,948"
Intel Xeon W 1370P  3.60GHz,"23,522"
Intel Xeon W 1390  2.80GHz,"23,902"
Intel Xeon W 1390P  3.50GHz,"25,016"
Intel Xeon W 2102  2.90GHz,"5,080"
Intel Xeon W 2104  3.20GHz,"5,530"
Intel Xeon W 2123  3.60GHz,"8,524"
Intel Xeon W 2125  4.00GHz,"9,999"
Intel Xeon W 2133  3.60GHz,"12,626"
Intel Xeon W 2135  3.70GHz,"14,404"
Intel Xeon W 2140B  3.20GHz,"17,310"
Intel Xeon W 2145  3.70GHz,"18,014"
Intel Xeon W 2150B  3.00GHz,"20,486"
Intel Xeon W 2155  3.30GHz,"20,931"
Intel Xeon W 2170B  2.50GHz,"24,448"
Intel Xeon W 2175  2.50GHz,"23,507"
Intel Xeon W 2191B  2.30GHz,"28,315"
Intel Xeon W 2195  2.30GHz,"27,977"
Intel Xeon W 2223  3.60GHz,"8,600"
Intel Xeon W 2225  4.10GHz,"10,427"
Intel Xeon W 2235  3.80GHz,"14,229"
Intel Xeon W 2245  3.90GHz,"19,432"
Intel Xeon W 2255  3.70GHz,"22,484"
Intel Xeon W 2265  3.50GHz,"25,668"
Intel Xeon W 2275  3.30GHz,"27,988"
Intel Xeon W 2295  3.00GHz,"30,986"
Intel Xeon W 3175X  3.10GHz,"46,125"
Intel Xeon W 3223  3.50GHz,"16,957"
Intel Xeon W 3225  3.70GHz,"18,251"
Intel Xeon W 3235  3.30GHz,"25,539"
Intel Xeon W 3245  3.20GHz,"31,089"
Intel Xeon W 3245M  3.20GHz,"28,494"
Intel Xeon W 3265  2.70GHz,"30,105"
Intel Xeon W 3265M  2.70GHz,"35,506"
Intel Xeon W 3275  2.50GHz,"41,267"
Intel Xeon W 3275M  2.50GHz,"40,419"
Intel Xeon W 3323  3.50GHz,"27,822"
Intel Xeon W 3335  3.40GHz,"39,293"
Intel Xeon W 3345  3.00GHz,"48,140"
Intel Xeon W 3365  2.70GHz,"57,312"
Intel Xeon W 3375  2.50GHz,"59,091"
Intel Xeon w3 2423,"15,759"
Intel Xeon w3 2425,"18,695"
Intel Xeon w3 2435,"26,492"
Intel Xeon w3 2525,"28,641"
Intel Xeon w3 2535,"33,336"
Intel Xeon W3503  2.40GHz,"1,125"
Intel Xeon W3505  2.53GHz,"1,163"
Intel Xeon W3520  2.67GHz,"2,939"
Intel Xeon W3530  2.80GHz,"3,059"
Intel Xeon W3540  2.93GHz,"3,139"
Intel Xeon W3550  3.07GHz,"3,251"
Intel Xeon W3565  3.20GHz,"3,391"
Intel Xeon W3570  3.20GHz,"3,267"
Intel Xeon W3580  3.33GHz,"3,638"
Intel Xeon W3670  3.20GHz,"6,424"
Intel Xeon W3680  3.33GHz,"7,024"
Intel Xeon W3690  3.47GHz,"7,181"
Intel Xeon w5 2445,"32,213"
Intel Xeon w5 2455X,"37,240"
Intel Xeon w5 2465X,"45,269"
Intel Xeon w5 2545,"40,882"
Intel Xeon w5 2555X,"47,638"
Intel Xeon w5 2565X,"52,046"
Intel Xeon w5 3423,"28,172"
Intel Xeon w5 3425,"36,178"
Intel Xeon w5 3433,"32,738"
Intel Xeon w5 3435X,"45,546"
Intel Xeon w5 3525,"45,311"
Intel Xeon w5 3535X,"52,774"
Intel Xeon W5580  3.20GHz,"3,459"
Intel Xeon W5590  3.33GHz,"3,342"
Intel Xeon w7 2475X,"53,211"
Intel Xeon w7 2495X,"57,208"
Intel Xeon w7 2575X,"52,296"
Intel Xeon w7 2595X,"66,049"
Intel Xeon w7 3445,"48,991"
Intel Xeon w7 3455,"54,925"
Intel Xeon w7 3465X,"62,698"
Intel Xeon w7 3545,"58,453"
Intel Xeon w7 3565X,"70,854"
Intel Xeon w9 3475X,"65,421"
Intel Xeon w9 3495X,"90,456"
Intel Xeon w9 3575X,"82,507"
Intel Xeon w9 3595X,"98,177"
Intel Xeon X3210  2.13GHz,"1,293"
Intel Xeon X3220  2.40GHz,"1,973"
Intel Xeon X3230  2.66GHz,"2,052"
Intel Xeon X3320  2.50GHz,"2,082"
Intel Xeon X3323  2.50GHz,"2,030"
Intel Xeon X3330  2.66GHz,"2,102"
Intel Xeon X3350  2.66GHz,"2,263"
Intel Xeon X3353  2.66GHz,"2,283"
Intel Xeon X3360  2.83GHz,"2,424"
Intel Xeon X3363  2.83GHz,"2,382"
Intel Xeon X3370  3.00GHz,"2,544"
Intel Xeon X3380  3.16GHz,"2,568"
Intel Xeon X3430  2.40GHz,"2,316"
Intel Xeon X3440  2.53GHz,"2,769"
Intel Xeon X3450  2.67GHz,"2,877"
Intel Xeon X3460  2.80GHz,"2,955"
Intel Xeon X3470  2.93GHz,"3,340"
Intel Xeon X3480  3.07GHz,"3,327"
Intel Xeon X5260  3.33GHz,"1,278"
Intel Xeon X5270  3.50GHz,"1,524"
Intel Xeon X5272  3.40GHz,"1,451"
Intel Xeon X5355  2.66GHz,"2,033"
Intel Xeon X5365  3.00GHz,"2,331"
Intel Xeon X5450  3.00GHz,"2,416"
Intel Xeon X5460  3.16GHz,"2,582"
Intel Xeon X5470  3.33GHz,"2,869"
Intel Xeon X5472  3.00GHz,"2,243"
Intel Xeon X5482  3.20GHz,"2,755"
Intel Xeon X5492  3.40GHz,"2,912"
Intel Xeon X5550  2.67GHz,"3,036"
Intel Xeon X5560  2.80GHz,"3,221"
Intel Xeon X5570  2.93GHz,"3,306"
Intel Xeon X5647  2.93GHz,"4,441"
Intel Xeon X5650  2.67GHz,"5,742"
Intel Xeon X5660  2.80GHz,"5,979"
Intel Xeon X5667  3.07GHz,"4,697"
Intel Xeon X5670  2.93GHz,"6,160"
Intel Xeon X5672  3.20GHz,"5,036"
Intel Xeon X5675  3.07GHz,"6,415"
Intel Xeon X5677  3.47GHz,"5,054"
Intel Xeon X5679  3.20GHz,"7,095"
Intel Xeon X5680  3.33GHz,"6,910"
Intel Xeon X5687  3.60GHz,"5,367"
Intel Xeon X5690  3.47GHz,"7,032"
Intel Xeon X5698  4.40GHz,"3,447"
Intel Xeon X6550  2.00GHz,"1,936"
JLQ JR510,"1,049"
KX U65802.5GHz,"3,416"
"lisa based Qualcomm Technologies, Inc. SM7325","5,457"
Loongson 3A6000,"1,423"
M7221,760
Manta,356
"Mars based on Qualcomm Technologies, Inc SM8350","5,230"
MediaTek Dimensity 1000+ (MT6889),"4,892"
Mediatek Dimensity 7025 (MT6855),"4,576"
Mediatek Dimensity 7200 Pro (MT6886),"4,734"
Mediatek Dimensity 7300 Ultra (MT6878),"6,350"
Mediatek Dimensity 8200 Ultimate (MT6896),"7,463"
Mediatek Dimensity 8350 (MT6897),"7,379"
Mediatek Dimensity 8400 Turbo (MT6899),"8,865"
MediaTek Dimensity 900 (MT6877),"4,870"
Mediatek Dimensity 9200 (MT6985),"7,999"
Mediatek Dimensity 9400 (MT6991),"11,695"
Mediatek DM700,"4,471"
MediaTek G70 (MT6769V/CB),"2,441"
MediaTek G70 (MT6769V/WB),"2,192"
MediaTek G80 (MT6769T),"2,609"
MediaTek G80 (MT6769V/CT),"2,499"
MediaTek G80 (MT6769V/CU),"2,717"
MediaTek G85 (MT6769Z),"2,770"
MediaTek G88 (MT6769H),"2,712"
MediaTek G99 Ultimate (MT6789),"4,176"
Mediatek Kompanio 1380,"4,404"
MediaTek Kompanio 520/528 (MT8186/MT8186T),"3,723"
MediaTek Kompanio 540 (MT8189),"3,294"
Mediatek Kompanio 838 MT8188,"5,343"
Mediatek Kompanio Ultra 910,"13,691"
MediaTek MT6735,581
MediaTek MT6737,477
MediaTek MT6737M,465
MediaTek MT6737T,712
Mediatek MT6739,611
Mediatek MT6739W,251
MediaTek MT6739WA,415
MediaTek MT6739WW,478
MediaTek MT6750,"1,054"
MediaTek MT6750T,"1,187"
MediaTek MT6750V/WT,"1,153"
MediaTek MT6753,951
MediaTek MT6753T,"1,149"
MediaTek MT6757CD,"1,782"
MediaTek MT6757V,"1,804"
Mediatek MT6761,"1,021"
Mediatek MT6761V/CAB,"1,074"
MediaTek MT6761V/WBB,812
Mediatek MT6761V/WD,762
MediaTek MT6761V/WE,750
Mediatek MT6762,"1,798"
MediaTek MT6762G,"1,248"
MediaTek MT6762V/CA,"1,324"
MediaTek MT6762V/CB,"1,641"
MediaTek MT6762V/CN,637
MediaTek MT6762V/WA,"1,477"
MediaTek MT6762V/WB,"1,500"
MediaTek MT6762V/WD,"1,596"
MediaTek MT6762V/WR,"1,547"
MediaTek MT6763V/CE,"2,130"
MediaTek MT6763V/V,"1,578"
Mediatek MT6765,"1,698"
MediaTek MT6765G,"1,682"
Mediatek MT6765H,"2,058"
MediaTek MT6765V/CA,"1,845"
MediaTek MT6765V/CB,"1,915"
Mediatek MT6765V/WA,"2,186"
Mediatek MT6765V/WB,"1,823"
Mediatek MT6765V/XBA,"1,738"
Mediatek MT6768,"2,847"
Mediatek MT6768G,"3,232"
MediaTek MT6768V/CA,"2,351"
Mediatek MT6769,"2,811"
Mediatek MT6769V/CB,"2,774"
MediaTek MT6771V/C,"2,676"
MediaTek MT6771V/CT,"2,673"
MediaTek MT6771V/W,"2,462"
MediaTek MT6771V/WM,"2,286"
MediaTek MT6771V/WT,"2,374"
Mediatek MT6779,"3,423"
MediaTek MT6779V/CE,"3,112"
MediaTek MT6779V/CU,"2,683"
MediaTek MT6779V/CV,"2,745"
Mediatek MT6781,"3,852"
Mediatek MT6781V/CD,"4,040"
Mediatek MT6781V/CDZAMB H,"4,160"
Mediatek MT6785,"3,731"
MediaTek MT6785V/CC,"3,425"
MediaTek MT6785V/CD,"3,649"
Mediatek MT6789V/CD,"4,273"
MediaTek MT6797,"1,903"
MediaTek MT6797T,"1,605"
MediaTek MT6797X,"2,248"
Mediatek MT6833,"4,118"
Mediatek MT6833G,"4,532"
Mediatek MT6833GP,"4,433"
Mediatek MT6833P,"3,745"
Mediatek MT6833V/NZA,"3,609"
Mediatek MT6833V/PNZA,"4,060"
Mediatek MT6833V/ZA,"4,219"
Mediatek MT6853,"4,611"
MediaTek MT6853T,"3,549"
Mediatek MT6853V/NZA,"3,937"
Mediatek MT6853V/TNZA,"4,171"
MediaTek MT6873,"4,074"
Mediatek MT6875,"5,258"
Mediatek MT6877V/TTZA,"4,943"
Mediatek MT6877V/TZA,"4,660"
MediaTek MT6879,"5,369"
Mediatek MT6879V/ZA,"4,662"
Mediatek MT6879V_T/ZA,"5,186"
Mediatek MT6883Z/CZA,"5,914"
Mediatek MT6891,"5,435"
Mediatek MT6891Z/CZA,"6,644"
Mediatek MT6891Z_T/CZA,"7,171"
Mediatek MT6891Z_Z/CZA,"6,508"
Mediatek MT6893,"6,375"
Mediatek MT6893Z_T/CZA,"6,333"
MediaTek MT6895,"7,535"
Mediatek MT6895Z/TCZA,"6,732"
Mediatek MT6895Z_A/TCZA,"7,554"
Mediatek MT6895Z_B/TCZA,"7,044"
MediaTek MT6983,"6,733"
Mediatek MT6983W/CZA,"9,136"
Mediatek MT6983Z/CZA,"7,726"
Mediatek MT6989,"10,944"
MediaTek MT8163,628
MediaTek MT8166B,977
MediaTek MT8167B,403
MediaTek MT8168,"1,029"
MediaTek MT8168A,712
Mediatek MT8168B,795
Mediatek MT8173,"1,366"
Mediatek MT8175B,592
MediaTek MT8183,"2,577"
MediaTek MT8188,"4,158"
Mediatek MT8192,"5,172"
Mediatek MT8195,"8,419"
Mediatek MT8195AV,"6,251"
Mediatek MT8365,"1,156"
Mediatek MT8370AV/A,"4,107"
Mediatek MT8390AV/A,"4,943"
Mediatek MT8696,740
MediaTek MT8735B,418
Mediatek MT8755,"4,859"
Mediatek MT8765WA,569
Mediatek MT8766A,979
Mediatek MT8766B,"1,124"
Mediatek MT8768,"1,957"
Mediatek MT8768A,"1,524"
Mediatek MT8768CA,"1,978"
MediaTek MT8768CT,"2,042"
Mediatek MT8768CX,"2,274"
Mediatek MT8768N,"2,382"
MediaTek MT8768WA,"1,715"
Mediatek MT8768WE,"1,667"
MediaTek MT8768WT,"2,001"
Mediatek MT8771V/PZA,"4,414"
Mediatek MT8781V/CA,"4,113"
Mediatek MT8781V/NA,"4,293"
Mediatek MT8786,"2,560"
Mediatek MT8786V/CT,"3,100"
Mediatek MT8786V/N,"3,179"
Mediatek MT8788,"3,330"
Mediatek MT8789,"6,640"
Mediatek MT8789V/CT,"3,946"
Mediatek MT8789V/T,"4,199"
Mediatek MT8791,"5,305"
Mediatek MT8791V/HZA,"4,974"
Mediatek MT8791V/TN,"4,809"
Mediatek MT8791V/TZA,"2,284"
Mediatek MT8792,"7,980"
Mediatek MT8797Z/CNZA,"7,264"
Mediatek MT8798Z/CNZA,"9,110"
Mediatek MT9676,635
Mediatek t50,948
Microsoft SQ1  3.0 GHz,"6,039"
Microsoft SQ2  3.15 GHz,"6,577"
Microsoft SQ3  3.0 GHz,"11,831"
Mobile AMD Athlon 2500+,241
Mobile AMD Athlon 4 2400+,233
Mobile AMD Athlon 64 3200+,326
Mobile AMD Athlon 64 3400+,333
Mobile AMD Athlon 64 3700+,356
Mobile AMD Athlon 64 4000+,313
Mobile AMD Athlon MP M 1800+,173
Mobile AMD Athlon MP M 2400+,192
Mobile AMD Athlon XP M 1600+,169
Mobile AMD Athlon XP M 1800+,193
Mobile AMD Athlon XP M 2000+,196
Mobile AMD Athlon XP M 2200+,237
Mobile AMD Athlon XP M 2400+,225
Mobile AMD Athlon XP M 2500+,226
Mobile AMD Athlon XP M 2600+,241
Mobile AMD Athlon XP M 2800+,238
Mobile AMD Athlon XP M 3000+,238
Mobile AMD Sempron 2100+,164
Mobile AMD Sempron 2600+,256
Mobile AMD Sempron 2800+,237
Mobile AMD Sempron 3000+,269
Mobile AMD Sempron 3100+,277
Mobile AMD Sempron 3200+,245
Mobile AMD Sempron 3300+,294
Mobile AMD Sempron 3400+,269
Mobile AMD Sempron 3500+,269
Mobile AMD Sempron 3600+,284
Mobile AMD Sempron 3800+,335
Mobile Intel Celeron 1.70GHz,118
Mobile Intel Celeron 1.80GHz,121
Mobile Intel Celeron 1333MHz,183
Mobile Intel Celeron 2.00GHz,133
Mobile Intel Celeron 2.20GHz,147
Mobile Intel Celeron 2.40GHz,154
Mobile Intel Pentium 4   M 1.70GHz,121
Mobile Intel Pentium 4   M 1.80GHz,119
Mobile Intel Pentium 4   M 2.00GHz,138
Mobile Intel Pentium 4   M 2.20GHz,143
Mobile Intel Pentium 4   M 2.40GHz,139
Mobile Intel Pentium 4 2.66GHz,182
Mobile Intel Pentium 4 2.80GHz,205
Mobile Intel Pentium 4 3.06GHz,220
Mobile Intel Pentium 4 3.20GHz,232
Mobile Intel Pentium 4 3.33GHz,344
Mobile Intel Pentium III   M 1200MHz,146
Mobile Intel Pentium III   M 933MHz,130
mocha,"1,125"
Montage Jintide C4215R,"14,672"
Montage Jintide C5418Y,"49,045"
msm8960dt,306
MT3561S,723
MT5893,702
MT6580,394
MT6580M,365
MT6592,521
MT6592T,"1,056"
MT6735M,308
MT6735P,384
MT6737H,528
MT6738,692
MT6739,579
MT6739CH,533
MT6739CW,545
MT6739WM,338
MT6750V/C,"1,388"
MT6750V/CS,955
MT6750V/CT,"1,544"
MT6750V/DN,"1,271"
MT6750V/W,845
MT6750V/WS,934
MT6752,"1,728"
MT6752M,"1,735"
MT6755,"1,278"
MT6755BM,"1,070"
MT6755M,"1,229"
MT6755V/B,"1,530"
MT6755V/BM,"1,336"
MT6755V/C,"1,554"
MT6755V/CM,"1,426"
MT6755V/W,"1,608"
MT6755V/WM,"1,090"
MT6755V/WS,"1,389"
MT6757W,"1,941"
MT6757WD,"1,771"
MT6757WH,"1,161"
MT6761,912
MT6761V/CAB,818
MT6761V/CBB,910
MT6761V/CD,784
MT6761V/WAB,816
MT6761V/WB,988
MT6761V/WD,580
MT6762,"1,735"
mt6762m,538
MT6762V/CR,"1,022"
MT6763V/B,"1,633"
MT6763V/CT,"1,832"
MT6763V/WT,"1,375"
MT6765,"1,908"
MT6765H,"2,074"
MT6765V/WA,"1,808"
MT6765V/WB,"1,917"
MT6765V/XBA,"2,220"
MT6768G,"2,838"
MT6769,"2,793"
MT6769V,"2,229"
MT6771V/CL,"3,079"
MT6771V/WL,"2,299"
mt6779,"2,251"
MT6781,"3,882"
MT6781V/CD,"3,969"
MT6781V/CDZAMB H,"3,988"
MT6785,"3,566"
MT6795,"1,197"
MT6795M,968
MT6795MM,618
MT6795T,"1,007"
MT6797D,758
MT6797M,"2,191"
MT6833,"3,773"
MT6833GP,"3,238"
MT6833P,"4,124"
MT6833V/NZA,"3,661"
MT6833V/PNZA,"4,135"
MT6833V/ZA,"4,098"
MT6853V/NZA,"3,336"
MT6853V/TNZA,"3,625"
MT6853V/ZA,"3,505"
MT6875,"4,393"
MT6877T,"4,548"
MT6877V/TTZA,"5,154"
MT6877V/TZA,"4,835"
MT6877V_T/TTZA,"5,525"
MT6883Z/CZA,"5,665"
MT6891,"5,817"
MT6891Z/CZA,"6,025"
MT6893,"5,102"
MT6893Z/CZA,"6,472"
MT6893Z_A/CZA,"6,050"
MT6893Z_B/CZA,"6,371"
MT6893Z_C/CZA,"6,139"
MT6893Z_D/CZA,"5,701"
MT6893Z_Z/CZA,"6,485"
MT6969T,"2,228"
MT8127,429
MT8161A,818
MT8161AA,857
MT8161AB,700
MT8161P,542
MT8165,962
MT8167A,478
MT8167D,532
MT8168B,"1,056"
MT8168M,902
MT8169A,"2,025"
MT8173,804
MT8175B,"1,199"
MT8176,"1,406"
MT8188JV/A,"5,130"
MT8195AV/ZA,"5,935"
MT8365,889
MT8395AV/ZA,"2,410"
MT8667,"3,235"
MT8696,738
MT8732T,"1,083"
MT8735,662
MT8735A,655
MT8735M,388
MT8735P,572
MT8735T,704
MT8765WA,567
MT8765WB,468
MT8766A,956
MT8766B,843
MT8768CA,"1,912"
MT8768WB,"1,074"
MT8768WD,"1,122"
MT8768WE,"1,350"
MT8771V/PZA,"4,723"
MT8783,"1,039"
MT8786V/CA,"3,128"
MT8786V/N,"2,992"
MT8788,"2,860"
MT8789V/CT,"4,119"
MT8789V/T,"4,111"
MT8791V/TN,"4,850"
MT8797Z/CNZA,"6,550"
MT9950,845
MTK6757,"1,158"
MTK8257,842
Nakamichi,353
Neoverse N1,117
Nvidia Tegra T132,"1,242"
Nvidia Tegra T210,"1,746"
nxp IMX8MP,918
nxp IMX8MQ,831
"Odin based on Qualcomm Technologies, Inc SM8350","6,458"
OMAP4 Espresso board,98
P22,"1,908"
Pentium Dual Core E6000  3.46GHz,"1,472"
Pentium Dual Core T4200  2.00GHz,775
Pentium Dual Core T4300  2.10GHz,903
Pentium Dual Core T4500  2.30GHz,955
PXA1908,486
QCT APQ8064 AWIFI,382
QCT APQ8064 DEB,453
QCT APQ8064 FLO,566
QCT APQ8064 MAKO,399
QCT APQ8064 MTP,389
QTI MSM8937,"2,142"
QTI MSM8953,"2,065"
QTI QCM2290,"1,078"
QTI QCM4290,"2,512"
QTI QCM4325,"2,526"
QTI QCM4490,"5,132"
QTI QCM5430,"4,006"
QTI QCS4490,"5,179"
QTI QCS5430,"3,760"
QTI QCS8550,"10,487"
QTI QM215,563
QTI SDM439,"1,560"
QTI SDM450,"1,680"
QTI SDM660,"2,623"
QTI SDM845,"3,713"
QTI SG4250P,"5,191"
QTI SG8175P,"6,713"
QTI SG8275,"10,036"
QTI SM4250,"2,631"
QTI SM4350,"3,709"
QTI SM4375,"3,882"
QTI SM4450,"4,149"
QTI SM4635,"3,864"
QTI SM611,"3,085"
QTI SM6115,"2,879"
QTI SM6125,"2,876"
QTI SM6150,"3,367"
QTI SM6225,"3,472"
QTI SM6350,"4,120"
QTI SM6375,"4,183"
QTI SM6450,"5,833"
QTI SM6450P,"6,321"
QTI SM6475,"5,970"
QTI SM6650,"6,356"
QTI SM7125,"3,877"
QTI SM7150,"3,733"
QTI SM7225,"4,280"
QTI SM7250,"4,216"
QTI SM7325,"5,925"
QTI SM7350,"5,634"
QTI SM7435,"5,683"
QTI SM7450,"5,548"
QTI SM7475,"7,246"
QTI SM7550,"6,789"
QTI SM7635,"6,086"
QTI SM7675,"8,217"
QTI SM8150,"5,356"
QTI SM8250,"6,584"
QTI SM8350,"6,496"
QTI SM8450,"6,405"
QTI SM8475,"7,326"
QTI SM8550,"9,044"
QTI SM8635,"8,247"
QTI SM8650,"11,366"
QTI SM8735,"11,489"
QTI SM8750,"12,449"
QTI SM8750P,"13,872"
QTI SM8850,"14,883"
Qualcomm,"1,354"
Qualcomm APQ 8084 (Flattened Device Tree),741
Qualcomm APQ8026,330
Qualcomm APQ8084,618
Qualcomm MSM 8939 HUAWEI KIW L21,"1,088"
Qualcomm MSM 8939 HUAWEI KIW L24,"1,065"
Qualcomm MSM 8939 HUAWEI TEXAS A1,"1,085"
Qualcomm MSM 8974 HAMMERHEAD (Flattened Device Tre,566
Qualcomm MSM8212,378
Qualcomm MSM8226,344
Qualcomm MSM8228,332
Qualcomm MSM8626,294
Qualcomm MSM8916,424
Qualcomm MSM8917,656
Qualcomm MSM8926,310
Qualcomm MSM8928,367
Qualcomm MSM8937,"1,047"
Qualcomm MSM8939,"1,180"
Qualcomm MSM8953,"1,589"
Qualcomm MSM8956,"2,127"
Qualcomm MSM8974,740
Qualcomm MSM8974PRO AA,763
Qualcomm MSM8974PRO AB,692
Qualcomm MSM8974PRO AC,663
Qualcomm MSM8976,"1,749"
Qualcomm MSM8992,"1,268"
Qualcomm MSM8994,785
Qualcomm MSM8996,"1,455"
Qualcomm MSM8996PRO AB,"1,667"
Qualcomm MSM8998,"3,540"
Qualcomm QCM6490,"6,186"
Qualcomm QCS5430,"4,693"
Qualcomm QCS6490,"6,158"
Qualcomm SA8155P,"4,770"
Qualcomm SA8195P,"5,445"
Qualcomm SA8255P,"5,583"
Qualcomm SC7180,"3,584"
Qualcomm SC7180P,"4,347"
Qualcomm SDM439,"2,151"
Qualcomm SDM450,"2,808"
Qualcomm SDM630,"2,429"
Qualcomm SDM660,"2,461"
Qualcomm SDM670,"3,254"
Qualcomm SDM845,"4,398"
Qualcomm SM4250,"2,550"
Qualcomm SM4350,"3,577"
Qualcomm SM6115,"3,107"
Qualcomm SM6125,"2,938"
Qualcomm SM6150,"3,509"
Qualcomm SM6225,"3,781"
Qualcomm SM6375,"4,669"
Qualcomm SM7125,"3,788"
Qualcomm SM7150,"4,093"
Qualcomm SM7250,"3,960"
Qualcomm SM7325,"6,031"
Qualcomm SM8150,"5,738"
Qualcomm SM8250,"6,690"
Qualcomm SM8350,"6,564"
Qualcomm Snapdragon 808 (8992),720
Qualcomm Snapdragon 810,"1,316"
Qualcomm Snapdragon X Elite   X1E 78 100,"22,797"
Qualcomm Snapdragon X Elite   X1E 80 100,"22,891"
Qualcomm Snapdragon X Elite   X1E 84 100,"24,763"
Qualcomm Snapdragon X Elite   X1E001DE,"31,863"
Qualcomm Snapdragon X Plus X1P 64 100,"21,353"
Qualcomm SXR2230P,"3,829"
"Qualcomm Technologies, Inc","3,865"
"Qualcomm Technologies, Inc 450","1,978"
"Qualcomm Technologies, Inc APQ8009",346
"Qualcomm Technologies, Inc APQ8016",415
"Qualcomm Technologies, Inc APQ8017",558
"Qualcomm Technologies, Inc APQ8053","2,139"
"Qualcomm Technologies, Inc APQ8076","1,673"
"Qualcomm Technologies, Inc APQ8094","1,564"
"Qualcomm Technologies, Inc APQ8096","1,743"
"Qualcomm Technologies, Inc APQ8096pro",730
"Qualcomm Technologies, Inc ATOLL AB","3,504"
"Qualcomm Technologies, Inc BENGAL","2,456"
"Qualcomm Technologies, Inc BENGAL IOT","2,251"
"Qualcomm Technologies, Inc BENGALP","2,646"
"Qualcomm Technologies, Inc BENGALP IOT","3,127"
"Qualcomm Technologies, Inc KHAJE","3,401"
"Qualcomm Technologies, Inc KONA","5,679"
"Qualcomm Technologies, Inc KONA IOT","6,752"
"Qualcomm Technologies, Inc LAGOON","3,445"
"Qualcomm Technologies, Inc LITO","3,377"
"Qualcomm Technologies, Inc MSM8216",292
"Qualcomm Technologies, Inc MSM8909",301
"Qualcomm Technologies, Inc MSM8916",415
"Qualcomm Technologies, Inc MSM8917",540
"Qualcomm Technologies, Inc MSM8920",487
"Qualcomm Technologies, Inc MSM8929",560
"Qualcomm Technologies, Inc MSM8937","1,103"
"Qualcomm Technologies, Inc MSM8939",959
"Qualcomm Technologies, Inc MSM8952",912
"Qualcomm Technologies, Inc MSM8953","1,837"
"Qualcomm Technologies, Inc MSM8956","1,545"
"Qualcomm Technologies, Inc MSM8976","1,818"
"Qualcomm Technologies, Inc MSM8976SG","2,139"
"Qualcomm Technologies, Inc MSM8992",882
"Qualcomm Technologies, Inc MSM8994","1,115"
"Qualcomm Technologies, Inc MSM8996","1,430"
"Qualcomm Technologies, Inc MSM8996pro","1,588"
"Qualcomm Technologies, Inc MSM8998","2,856"
"Qualcomm Technologies, Inc QCM2150",409
"Qualcomm Technologies, Inc QCM6125","2,775"
"Qualcomm Technologies, Inc QCS610","1,949"
"Qualcomm Technologies, Inc QM215",468
"Qualcomm Technologies, Inc SA8195P","6,554"
"Qualcomm Technologies, Inc SCUBAIIOT",926
"Qualcomm Technologies, Inc SCUBAPIIOT","1,123"
"Qualcomm Technologies, Inc SDA429W",715
"Qualcomm Technologies, Inc SDA450","1,521"
"Qualcomm Technologies, Inc SDA660","2,872"
"Qualcomm Technologies, Inc SDM429","1,030"
"Qualcomm Technologies, Inc SDM439","1,501"
"Qualcomm Technologies, Inc SDM450","1,353"
"Qualcomm Technologies, Inc SDM460","2,106"
"Qualcomm Technologies, Inc SDM630","1,939"
"Qualcomm Technologies, Inc SDM632","2,108"
"Qualcomm Technologies, Inc SDM636","2,197"
"Qualcomm Technologies, Inc SDM660","2,441"
"Qualcomm Technologies, Inc SDM662","2,237"
"Qualcomm Technologies, Inc SDM665","2,396"
"Qualcomm Technologies, Inc SDM670","2,585"
"Qualcomm Technologies, Inc SDM710","2,712"
"Qualcomm Technologies, Inc SDM712","2,621"
"Qualcomm Technologies, Inc SDM720G","3,293"
"Qualcomm Technologies, Inc SDM730G AIE","3,421"
"Qualcomm Technologies, Inc SDM750G","4,350"
"Qualcomm Technologies, Inc SDM765G 5G","3,439"
"Qualcomm Technologies, Inc SDM778G","5,553"
"Qualcomm Technologies, Inc SDM845","3,397"
"Qualcomm Technologies, Inc SDMMAGPIE","3,169"
"Qualcomm Technologies, Inc SDMMAGPIEP","3,523"
"Qualcomm Technologies, Inc SM4250","2,139"
"Qualcomm Technologies, Inc SM4350","3,087"
"Qualcomm Technologies, Inc SM6125","2,317"
"Qualcomm Technologies, Inc SM6150","2,945"
"Qualcomm Technologies, Inc SM6225","2,723"
"Qualcomm Technologies, Inc SM6375","4,221"
"Qualcomm Technologies, Inc SM7125","3,390"
"Qualcomm Technologies, Inc SM7150","3,274"
"Qualcomm Technologies, Inc SM7225","3,390"
"Qualcomm Technologies, Inc SM7250","3,437"
"Qualcomm Technologies, Inc SM7325","6,431"
"Qualcomm Technologies, Inc SM8150","4,616"
"Qualcomm Technologies, Inc SM8150_Plus","4,289"
"Qualcomm Technologies, Inc SM8150P","4,543"
"Qualcomm Technologies, Inc SM8250","5,866"
"Qualcomm Technologies, Inc SM8250_AC","6,415"
"Qualcomm Technologies, Inc SM8350","6,117"
"Qualcomm Technologies, Inc SM8350AC","6,588"
"Qualcomm Technologies, Inc TRINKET","2,474"
"Qualcomm Technologies, Inc TRINKET IOT","2,559"
"Qualcomm Technologies, Inc. MSM8940 PMI8940 MTP","1,426"
"Qualcomm Technologies, Inc. MSM8952 QRD SKUM","1,359"
"redwood based Qualcomm Technologies, Inc. SM7325","6,159"
"Renoir based on Qualcomm Technologies, Inc SM7350","4,886"
RK30board,198
rk3399,"2,046"
rk3566,595
"RK3568 AIoT3568 Board V2.1 AD52068, LVDS(8775), HD","1,178"
ROC RK3568 PC HDMI (Android),"1,197"
Rockchip (Device Tree),666
Rockchip RK,"1,246"
Rockchip RK3228A,314
Rockchip RK3229,280
Rockchip RK3288,708
Rockchip RK3288 (Flattened Device Tree),515
Rockchip RK3326,440
Rockchip rk3326 863 rkisp1 board,365
Rockchip RK3326 Board,386
Rockchip rk3326 evb board,463
Rockchip RK3328,319
Rockchip RK3328 box liantong avb,491
Rockchip RK3368,827
Rockchip RK3399,"1,560"
Rockchip RK3399 Board (Android),"1,456"
Rockchip RK3399 EVB IND LPDDR4 Board lvds (Android,"1,862"
Rockchip RK3399 Excavator Board edp avb (Android),"1,533"
Rockchip RK3399 Generic Board edp (Android),391
Rockchip RK3528 DEMO4 DDR4 V10 Board,888
Rockchip RK3562,"1,048"
Rockchip RK3566,929
Rockchip RK3566 BOX DEMO V10 ANDROID Board,"1,093"
Rockchip RK3566 EVB1 DDR4 V10 Board,751
Rockchip RK3566 EVB2 LP4X V10 Board,933
Rockchip RK3566 EVB2 LP4X V10 Board PDM Mic Array,337
Rockchip RK3566 EVB3 DDR3 V10 Board,994
Rockchip RK3566 HD15 Board,"1,160"
Rockchip RK3566 RK817 EINK LP4X Board,667
Rockchip RK3566 RK817 TABLET LP4X Board,"1,021"
Rockchip RK3566 RK817 TABLET RKG11 LP4 Board,686
Rockchip RK3566 RK817 ZIDOO TABLET LP4X Board,795
Rockchip RK3568,"1,120"
Rockchip RK3568 EVB1 DDR4 V10 Board,"1,082"
Rockchip RK3568 EVB2 LP4X V10 Board,883
Rockchip RK3568 EVB7 DDR4 V10 Board,"1,106"
Rockchip RK3576,"3,871"
Rockchip RK3588,"4,579"
"rockchip,rk3328",453
"rockchip,rk3368",870
Ryzen 5 150 with Radeon Graphics,"15,376"
"Samsung ""Exynos 9610""","3,168"
Samsung A04S EUR OPEN REV03C board based on EXYNOS,"2,452"
Samsung A13 EUR OPEN REV02B board based on EXYNOS8,"1,230"
Samsung A13 USA SINGLE REV02B board based on EXYNO,"1,528"
SAMSUNG EXPRESS2,233
Samsung Exynos,"2,423"
Samsung Exynos 2100,"5,530"
Samsung Exynos 7420,"2,164"
Samsung Exynos 7570,479
Samsung Exynos 7580,964
Samsung Exynos 7870,"1,056"
Samsung Exynos 7880,"1,818"
Samsung Exynos 7884,"1,639"
Samsung Exynos 7885,"1,849"
Samsung Exynos 7904,"1,852"
Samsung Exynos 850,"2,094"
Samsung Exynos 8890,"2,618"
Samsung Exynos 8895,"3,173"
Samsung Exynos 9610,"2,279"
Samsung Exynos 9611,"2,550"
Samsung Exynos 980,"4,584"
Samsung Exynos 9810,"3,788"
Samsung Exynos 9820,"3,984"
Samsung Exynos 9825,"3,812"
Samsung Exynos 990,"6,042"
Samsung EXYNOS5420,704
Samsung EXYNOS5430,"1,380"
Samsung EXYNOS5433,"1,196"
SAMSUNG Exynos7420,"2,055"
SAMSUNG Exynos7580,910
Samsung Exynos7870,"2,093"
samsung exynos7885,"2,496"
Samsung GrandPrimePlus LTE CIS rev04 board based o,312
Samsung GrandPrimePlus LTE LTN DTV rev04 board bas,599
Samsung GrandPrimePlus LTE LTN OPEN rev04 board ba,415
Samsung J7 Max LTE SWA board based on MT6757V/WL,928
SAMSUNG JF,540
Samsung M13 EUR OPEN REV02 board based on EXYNOS85,"1,425"
Samsung M13 SWA INS 00 board based on EXYNOS850,"1,269"
Samsung s5e8535,"4,597"
Samsung s5e8825,"4,503"
Samsung s5e8835,"5,903"
Samsung s5e8845,"7,015"
Samsung s5e8855,"7,676"
Samsung s5e9925,"6,374"
Samsung s5e9945,"10,879"
Samsung s5e9955,"9,739"
SAMSUNG SERRANO,266
"Samsung Technologies, Inc Exynos E1080","4,846"
sc8830,410
SM6375,"4,441"
SM7325,"6,147"
SM8325,"5,799"
SM8350,"6,139"
SM8450,"4,896"
SM8550,"8,629"
SM8750,"13,504"
SMDK4x12,"3,006"
Snapdragon 435,"1,079"
Snapdragon 662,"2,431"
Snapdragon 7325,"5,567"
Snapdragon 7c  1.96 GHz,"3,712"
Snapdragon 7c  2.40 GHz,"3,434"
Snapdragon 7c Gen 2  2.55 GHz,"3,855"
Snapdragon 7cPlus Gen 3  2.40 GHz,"6,044"
Snapdragon 8 Gen2 Mobile Platform for Galaxy,"9,362"
Snapdragon 835,"2,536"
Snapdragon 835  2.45 GHz,"3,524"
Snapdragon 8350,"4,618"
Snapdragon 845  2.8 GHz,"3,495"
Snapdragon 850  2.40 GHz,"2,946"
Snapdragon 850  2.96 GHz,"3,395"
Snapdragon 855  2.84 GHz,"5,070"
Snapdragon 860  2.96 GHz,"4,804"
Snapdragon 8c  2.46 GHz,"5,230"
Snapdragon 8cx  2.84 GHz,"5,180"
Snapdragon 8cx Gen 2  3.0 GHz,"6,754"
Snapdragon 8cx Gen 2  3.15 GHz,"6,725"
Snapdragon 8cx Gen 3  2.69 GHz,"10,799"
Snapdragon 8cx Gen 3  3.0,"1,811"
Snapdragon 8cx Gen 3  3.0 GHz,"11,817"
Snapdragon X   X126100   Qualcomm Oryon,"16,709"
Snapdragon X Plus (8 core)  3.30 GHz,"16,044"
Snapdragon X Plus   X1P42100   Qualcomm Ory,"18,046"
Sony Mobile fusion3,428
Spreadtrum SC7731e,333
Spreadtrum SC9832E,576
Spreadtrum SC9853I IA,748
Spreadtrum SC9863A,"1,531"
Spreadtrum SC9863A Board,"1,671"
Spreadtrum T310,"1,584"
Spreadtrum T603,"1,765"
Spreadtrum T606,"2,658"
Spreadtrum T610,"2,646"
Spreadtrum T612,"2,898"
Spreadtrum T615,"2,962"
Spreadtrum T616,"2,905"
Spreadtrum T618,"2,934"
Spreadtrum T620,"3,016"
Spreadtrum T7200,"2,754"
Spreadtrum T760,"5,119"
Spreadtrum T765,"3,804"
Spreadtrum T820,"5,543"
Spreadtrum UIS7885(prototype),"5,619"
Spreadtrum UMS9230,"2,878"
Spreadtrum UMS9230E,"2,957"
Spreadtrum UMS9230H,"2,905"
Spreadtrum UMS9230S,"3,014"
Spreadtrum UMS9230T,"2,707"
Spreadtrum UMS9621S,"4,550"
Spreadtrum UMS9632,"4,411"
"Star based on Qualcomm Technologies, Inc SM8350","5,241"
StratoVirt,"11,676"
sun50iw1p1,559
sun50iw6,498
sun8iw11p1,335
sun8iw7,237
Synaptics VS640,862
Synaptics VS680,"1,728"
T606,"2,824"
T610 Unisoc,"2,575"
T610S Unisoc,"2,781"
T618,"2,771"
T700 Unisoc,"2,421"
"taoyao based Qualcomm Technologies, Inc. Yupik IDP","6,359"
Thor,839
tn8,"1,028"
UGOOS UT8 Board,"1,152"
UIS7862A,"2,638"
Unisoc L3,"1,916"
Unisoc L3R,"1,337"
Unisoc SC7731e,343
Unisoc SC9832e,509
Unisoc SC9863a,"1,436"
Unisoc SC9863A1,"1,466"
Unisoc T310,"1,414"
Unisoc T603,"1,835"
Unisoc T606,"2,646"
Unisoc T610,"2,821"
Unisoc T612,"2,564"
Unisoc T616,"3,116"
Unisoc T618,"2,588"
Unisoc T700,"2,635"
Unisoc T760,"4,720"
Unisoc T820,"5,763"
Unisoc UIS7862S,"2,780"
Unisoc UIS8581A,"1,704"
Unisoc UIS8581E,"1,279"
Unisoc ums312,988
Unisoc ums512,"2,599"
Unisoc ums9230,"2,285"
Unisoc ums9230H,"2,924"
Unisoc ums9230T,"2,919"
UNIVERSAL3470,391
UNIVERSAL3475,310
vendor Kirin710,"2,831"
vendor Kirin810,"4,242"
vendor Kirin820,"4,947"
vendor Kirin9000,"6,914"
vendor Kirin9000E,"7,141"
vendor Kirin970,"3,045"
vendor Kirin980,"5,204"
vendor Kirin985,"5,481"
vendor Kirin990,"6,123"
"Venus based on Qualcomm Technologies, Inc SM8350","5,404"
VIA C7 D 1800MHz,150
VIA C7 M 1200MHz,112
VIA C7 M 1600MHz,116
VIA C7 M 6300MHz,145
VIA Eden 1000MHz,80
VIA Eden 1200MHz,93
VIA Eden C10501.06GHz,263
VIA Eden X2 U4200  1.0+ GHz,326
VIA Eden X4 C4250  1.2+GHz,904
VIA Esther 1000MHz,95
VIA Esther 1500MHz,135
VIA Nano L20071600MHz,238
VIA Nano L21001800MHz,279
VIA Nano L22071600MHz,165
VIA Nano U2250 (1.6GHz Capable),187
VIA Nano U22501300+MHz,179
VIA Nano U25001200MHz,199
VIA Nano U35001000MHz,184
VIA Nano X2 U4025  1.2 GHz,362
VIA Nehemiah,101
VIA QuadCore C46502.0GHz,"1,352"
VIA QuadCore L4700  1.2+ GHz,773
VIA QuadCore U4650  1.0+ GHz,666
"Vili based on Qualcomm Technologies, Inc SM8350","5,296"
virt 10.0,"3,127"
virt 10.1,"16,719"
virt 8.2,"6,547"
virt 9.1,"9,461"
virt 9.2,"2,967"
Virtual  2.30GHz,"1,345"
Virtual  2.32GHz,"1,826"
Virtual  2.39GHz,"1,936"
Virtual  2.49GHz,"4,599"
Virtual  2.56GHz,"3,778"
Virtual  2.59GHz,"7,705"
Virtual  2.70GHz,"3,688"
Virtual  2.89GHz,"4,134"
Virtual  2.95GHz,"11,331"
Virtual  3.24GHz,"11,732"
Virtual  3.41GHz,"14,166"
Virtual  3.80GHz,"16,736"
Welcome SC9863A,"1,897"
XRing O1,"15,765"
XTRONS_IX,"1,266"
Z3 6540M2.1GHz,"1,599"
ZHAOXIN KaiXian KX 6640A2.6GHz,"1,766"
ZHAOXIN KaiXian KX 6640MA2.1+GHz,"1,597"
ZHAOXIN KaiXian KX 6640MA2.2+GHz,"1,566"
ZHAOXIN KaiXian KX 7000,"7,247"
ZHAOXIN KaiXian KX U65802.5GHz,"3,227"
ZHAOXIN KaiXian KX U67802.7GHz,"3,693"
ZHAOXIN KaiXian KX U6780A,"3,058"
ZHAOXIN KaiXian KX U6780A2.7GHz,"3,449"
ZHAOXIN KaiXian ZX C+ C47002.0GHz,"1,547"
ZHAOXIN KaiXian ZX C+ C47012.0GHz,"1,442"
ZHAOXIN KaiXian ZX D D46002.0GHz,"1,492"
ZHAOXIN Z3 6540M2.1+GHz,"1,446"
天玑900,"4,259"
